Chromosome,Source,Start,End,Strand,gene_id,gene_name,gene_type,hgnc_id
chr1,HAVANA,65418,71585,+,ENSG00000186092.7,OR4F5,protein_coding,HGNC:14825
chr1,HAVANA,923922,944575,+,ENSG00000187634.13,SAMD11,protein_coding,HGNC:28706
chr1,HAVANA,960583,965719,+,ENSG00000187961.15,KLHL17,protein_coding,HGNC:24023
chr1,HAVANA,966481,975865,+,ENSG00000187583.11,PLEKHN1,protein_coding,HGNC:25284
chr1,HAVANA,1001137,1014540,+,ENSG00000187608.10,ISG15,protein_coding,HGNC:4053
chr1,HAVANA,1020119,1056118,+,ENSG00000188157.15,AGRN,protein_coding,HGNC:329
chr1,HAVANA,1173879,1197936,+,ENSG00000162571.14,TTLL10,protein_coding,HGNC:26693
chr1,HAVANA,1232236,1235041,+,ENSG00000176022.7,B3GALT6,protein_coding,HGNC:17978
chr1,HAVANA,1280435,1292029,+,ENSG00000162572.21,SCNN1D,protein_coding,HGNC:10601
chr1,HAVANA,1308596,1311677,+,ENSG00000169972.13,PUSL1,protein_coding,HGNC:26914
chr1,HAVANA,1324755,1328896,+,ENSG00000224051.7,CPTP,protein_coding,HGNC:28116
chr1,HAVANA,1331279,1335314,+,ENSG00000169962.5,TAS1R3,protein_coding,HGNC:15661
chr1,HAVANA,1425870,1430255,+,ENSG00000205116.4,TMEM88B,protein_coding,HGNC:37099
chr1,HAVANA,1434860,1442882,+,ENSG00000179403.12,VWA1,protein_coding,HGNC:30910
chr1,HAVANA,1449688,1470163,+,ENSG00000215915.10,ATAD3C,protein_coding,HGNC:32151
chr1,HAVANA,1471764,1497848,+,ENSG00000160072.20,ATAD3B,protein_coding,HGNC:24007
chr1,HAVANA,1512161,1534685,+,ENSG00000197785.14,ATAD3A,protein_coding,HGNC:25567
chr1,HAVANA,1615453,1630605,+,ENSG00000197530.13,MIB2,protein_coding,HGNC:30577
chr1,HAVANA,1632162,1635263,+,ENSG00000189409.14,MMP23B,protein_coding,HGNC:7171
chr1,HAVANA,1915107,1917296,+,ENSG00000169885.10,CALML6,protein_coding,HGNC:24193
chr1,HAVANA,2019328,2030758,+,ENSG00000187730.9,GABRD,protein_coding,HGNC:4084
chr1,HAVANA,2050410,2185395,+,ENSG00000067606.17,PRKCZ,protein_coding,HGNC:9412
chr1,HAVANA,2227387,2310213,+,ENSG00000157933.11,SKI,protein_coding,HGNC:10896
chr1,HAVANA,2391774,2405442,+,ENSG00000157916.20,RER1,protein_coding,HGNC:30309
chr1,HAVANA,2425979,2505532,+,ENSG00000149527.18,PLCH2,protein_coding,HGNC:29037
chr1,HAVANA,2555638,2565382,+,ENSG00000157873.18,TNFRSF14,protein_coding,HGNC:11912
chr1,HAVANA,2586490,2591469,+,ENSG00000157870.17,PRXL2B,protein_coding,HGNC:28390
chr1,HAVANA,3021466,3022903,+,ENSG00000169717.7,ACTRT2,protein_coding,HGNC:24026
chr1,HAVANA,3069167,3438621,+,ENSG00000142611.17,PRDM16,protein_coding,HGNC:14000
chr1,HAVANA,3454664,3481113,+,ENSG00000130762.15,ARHGEF16,protein_coding,HGNC:15515
chr1,HAVANA,3625014,3630127,+,ENSG00000158109.15,TPRG1L,protein_coding,HGNC:27007
chr1,HAVANA,3652515,3736201,+,ENSG00000078900.16,TP73,protein_coding,HGNC:12003
chr1,HAVANA,3746459,3771645,+,ENSG00000162592.10,CCDC27,protein_coding,HGNC:26546
chr1,HAVANA,3772748,3775982,+,ENSG00000235169.11,SMIM1,protein_coding,HGNC:44204
chr1,HAVANA,3857266,3885429,+,ENSG00000169598.17,DFFB,protein_coding,HGNC:2773
chr1,HAVANA,4654608,4792534,+,ENSG00000196581.11,AJAP1,protein_coding,HGNC:30801
chr1,HAVANA,5990926,6101193,+,ENSG00000069424.16,KCNAB2,protein_coding,HGNC:6229
chr1,HAVANA,6205474,6221299,+,ENSG00000158286.13,RNF207,protein_coding,HGNC:32947
chr1,HAVANA,6244178,6245578,+,ENSG00000173673.9,HES3,protein_coding,HGNC:26226
chr1,HAVANA,6424775,6461367,+,ENSG00000187017.18,ESPN,protein_coding,HGNC:13281
chr1,HAVANA,6555306,6579755,+,ENSG00000173662.21,TAS1R1,protein_coding,HGNC:14448
chr1,HAVANA,6579993,6589280,+,ENSG00000204859.13,ZBTB48,protein_coding,HGNC:4930
chr1,HAVANA,6613730,6624030,+,ENSG00000116273.6,PHF13,protein_coding,HGNC:22983
chr1,HAVANA,6624867,6635586,+,ENSG00000041988.16,THAP3,protein_coding,HGNC:20855
chr1,HAVANA,6785453,7769706,+,ENSG00000171735.21,CAMTA1,protein_coding,HGNC:18806
chr1,HAVANA,7771295,7781432,+,ENSG00000049245.13,VAMP3,protein_coding,HGNC:12644
chr1,HAVANA,7784290,7845177,+,ENSG00000049246.15,PER3,protein_coding,HGNC:8847
chr1,HAVANA,7954290,7985505,+,ENSG00000116288.13,PARK7,protein_coding,HGNC:16369
chr1,HAVANA,8318113,8344167,+,ENSG00000162426.16,SLC45A1,protein_coding,HGNC:17939
chr1,HAVANA,8945866,8975092,+,ENSG00000131686.15,CA6,protein_coding,HGNC:1380
chr1,HAVANA,9234773,9271337,+,ENSG00000049239.13,H6PD,protein_coding,HGNC:4795
chr1,HAVANA,9292893,9369532,+,ENSG00000171621.14,SPSB1,protein_coding,HGNC:30628
chr1,HAVANA,9539464,9585173,+,ENSG00000171612.7,SLC25A33,protein_coding,HGNC:29681
chr1,HAVANA,9588910,9614877,+,ENSG00000188807.13,TMEM201,protein_coding,HGNC:33719
chr1,HAVANA,9629888,9729114,+,ENSG00000171608.18,PIK3CD,protein_coding,HGNC:8977
chr1,HAVANA,9943427,9985501,+,ENSG00000173614.14,NMNAT1,protein_coding,HGNC:17877
chr1,HAVANA,9997205,10016021,+,ENSG00000162444.12,RBP7,protein_coding,HGNC:30316
chr1,HAVANA,10032831,10181239,+,ENSG00000130939.20,UBE4B,protein_coding,HGNC:12500
chr1,HAVANA,10210569,10381603,+,ENSG00000054523.20,KIF1B,protein_coding,HGNC:16636
chr1,HAVANA,10398591,10420511,+,ENSG00000142657.21,PGD,protein_coding,HGNC:8891
chr1,HAVANA,10430101,10452153,+,ENSG00000251503.8,CENPS-CORT,protein_coding,HGNC:38843
chr1,HAVANA,10430432,10442808,+,ENSG00000175279.22,CENPS,protein_coding,HGNC:23163
chr1,HAVANA,10450030,10451998,+,ENSG00000241563.4,CORT,protein_coding,HGNC:2257
chr1,HAVANA,10472287,10630758,+,ENSG00000142655.13,PEX14,protein_coding,HGNC:8856
chr1,HAVANA,11012343,11030528,+,ENSG00000120948.19,TARDBP,protein_coding,HGNC:11571
chr1,HAVANA,11189354,11195981,+,ENSG00000171819.5,ANGPTL7,protein_coding,HGNC:24078
chr1,HAVANA,11273197,11296049,+,ENSG00000120942.14,UBIAD1,protein_coding,HGNC:30791
chr1,HAVANA,11479154,11537551,+,ENSG00000204624.8,DISP3,protein_coding,HGNC:29251
chr1,HAVANA,11654374,11663327,+,ENSG00000132879.14,FBXO44,protein_coding,HGNC:24847
chr1,HAVANA,11664199,11674354,+,ENSG00000116663.11,FBXO6,protein_coding,HGNC:13585
chr1,HAVANA,11691709,11725857,+,ENSG00000162490.7,DRAXIN,protein_coding,HGNC:25054
chr1,HAVANA,11736083,11754802,+,ENSG00000177674.16,AGTRAP,protein_coding,HGNC:13539
chr1,HAVANA,11761786,11789585,+,ENSG00000215910.8,C1orf167,protein_coding,HGNC:25262
chr1,HAVANA,11806095,11848079,+,ENSG00000011021.23,CLCN6,protein_coding,HGNC:2024
chr1,HAVANA,11934204,11975538,+,ENSG00000083444.17,PLOD1,protein_coding,HGNC:9081
chr1,HAVANA,11980180,12015211,+,ENSG00000116688.18,MFN2,protein_coding,HGNC:16877
chr1,HAVANA,12019465,12032045,+,ENSG00000116691.11,MIIP,protein_coding,HGNC:25715
chr1,HAVANA,12063302,12144207,+,ENSG00000120949.15,TNFRSF8,protein_coding,HGNC:11923
chr1,HAVANA,12166990,12209228,+,ENSG00000028137.19,TNFRSF1B,protein_coding,HGNC:11917
chr1,HAVANA,12230029,12512047,+,ENSG00000048707.15,VPS13D,protein_coding,HGNC:23595
chr1,HAVANA,12644084,12667076,+,ENSG00000204518.3,AADACL4,protein_coding,HGNC:32038
chr1,HAVANA,12716109,12728760,+,ENSG00000188984.12,AADACL3,protein_coding,HGNC:32037
chr1,HAVANA,12746199,12763699,+,ENSG00000157330.10,CFAP107,protein_coding,HGNC:28567
chr1,HAVANA,12773737,12777906,+,ENSG00000116726.5,PRAMEF12,protein_coding,HGNC:22125
chr1,HAVANA,12791396,12796628,+,ENSG00000116721.9,PRAMEF1,protein_coding,HGNC:28840
chr1,HAVANA,12857085,12861909,+,ENSG00000120952.4,PRAMEF2,protein_coding,HGNC:28841
chr1,HAVANA,12916609,12920751,+,ENSG00000204510.6,PRAMEF7,protein_coding,HGNC:28415
chr1,HAVANA,13060768,13062878,+,ENSG00000277058.3,HNRNPCL3,protein_coding,HGNC:51235
chr1,HAVANA,13068676,13077884,+,ENSG00000229571.7,PRAMEF25,protein_coding,HGNC:49179
chr1,HAVANA,13171847,13179459,+,ENSG00000204505.5,PRAMEF9,protein_coding,HGNC:27996
chr1,HAVANA,13254197,13263435,+,ENSG00000270601.5,PRAMEF5,protein_coding,HGNC:27995
chr1,HAVANA,13303538,13308907,+,ENSG00000237700.2,PRAMEF33,protein_coding,HGNC:49193
chr1,HAVANA,13315580,13322598,+,ENSG00000204501.7,PRAMEF15,protein_coding,HGNC:26764
chr1,HAVANA,13389631,13392629,+,ENSG00000204479.4,PRAMEF17,protein_coding,HGNC:29485
chr1,HAVANA,13410449,13421328,+,ENSG00000204478.11,PRAMEF20,protein_coding,HGNC:25224
chr1,HAVANA,13583464,13617957,+,ENSG00000162493.17,PDPN,protein_coding,HGNC:29602
chr1,HAVANA,13700187,13825079,+,ENSG00000116731.23,PRDM2,protein_coding,HGNC:9347
chr1,HAVANA,13892791,15118043,+,ENSG00000189337.17,KAZN,protein_coding,HGNC:29173
chr1,HAVANA,15152531,15220478,+,ENSG00000171729.14,TMEM51,protein_coding,HGNC:25488
chr1,HAVANA,15236520,15400283,+,ENSG00000142621.21,FHAD1,protein_coding,HGNC:29408
chr1,HAVANA,15409887,15430339,+,ENSG00000142634.13,EFHD2,protein_coding,HGNC:28670
chr1,HAVANA,15438441,15449242,+,ENSG00000162438.12,CTRC,protein_coding,HGNC:2523
chr1,HAVANA,15456727,15472091,+,ENSG00000142615.8,CELA2A,protein_coding,HGNC:24609
chr1,HAVANA,15465908,15491395,+,ENSG00000215704.10,CELA2B,protein_coding,HGNC:29995
chr1,HAVANA,15526812,15592379,+,ENSG00000116138.13,DNAJC16,protein_coding,HGNC:29157
chr1,HAVANA,15617457,15669044,+,ENSG00000197312.13,DDI2,protein_coding,HGNC:24578
chr1,HAVANA,15659712,15662033,+,ENSG00000215695.2,RSC1A1,protein_coding,HGNC:10458
chr1,HAVANA,15684319,15734769,+,ENSG00000116786.13,PLEKHM2,protein_coding,HGNC:29131
chr1,HAVANA,15736257,15741392,+,ENSG00000162461.8,SLC25A34,protein_coding,HGNC:27653
chr1,HAVANA,15742498,15747982,+,ENSG00000162460.7,TMEM82,protein_coding,HGNC:32350
chr1,HAVANA,15756606,15786594,+,ENSG00000162458.13,FBLIM1,protein_coding,HGNC:24686
chr1,HAVANA,15836094,15940456,+,ENSG00000065526.13,SPEN,protein_coding,HGNC:17575
chr1,HAVANA,16004235,16008807,+,ENSG00000183888.4,SRARP,protein_coding,HGNC:28339
chr1,HAVANA,16018874,16034050,+,ENSG00000186510.12,CLCNKA,protein_coding,HGNC:2026
chr1,HAVANA,16040251,16057311,+,ENSG00000184908.20,CLCNKB,protein_coding,HGNC:2027
chr1,HAVANA,16352574,16398145,+,ENSG00000055070.17,SZRD1,protein_coding,HGNC:30232
chr1,HAVANA,16440720,16460078,+,ENSG00000157191.20,NECAP2,protein_coding,HGNC:25528
chr1,HAVANA,16740272,16972964,+,ENSG00000058453.17,CROCC,protein_coding,HGNC:21299
chr1,HAVANA,17205127,17246007,+,ENSG00000142623.11,PADI1,protein_coding,HGNC:18367
chr1,HAVANA,17249097,17284233,+,ENSG00000142619.4,PADI3,protein_coding,HGNC:18337
chr1,HAVANA,17308194,17364004,+,ENSG00000159339.13,PADI4,protein_coding,HGNC:18368
chr1,HAVANA,17372195,17401699,+,ENSG00000276747.1,PADI6,protein_coding,HGNC:20449
chr1,HAVANA,17539697,17697874,+,ENSG00000074964.17,ARHGEF10L,protein_coding,HGNC:25540
chr1,HAVANA,17755332,17827063,+,ENSG00000117148.8,ACTL8,protein_coding,HGNC:24018
chr1,HAVANA,18107797,18378483,+,ENSG00000117154.12,IGSF21,protein_coding,HGNC:28246
chr1,HAVANA,18480929,18485974,+,ENSG00000179023.9,KLHDC7A,protein_coding,HGNC:26791
chr1,HAVANA,18630845,18748866,+,ENSG00000009709.13,PAX7,protein_coding,HGNC:8621
chr1,HAVANA,19251804,19260128,+,ENSG00000053372.5,MRTO4,protein_coding,HGNC:18477
chr1,HAVANA,19312325,19329300,+,ENSG00000040487.13,SLC66A1,protein_coding,HGNC:26001
chr1,HAVANA,19484402,19629821,+,ENSG00000173436.15,MICOS10,protein_coding,HGNC:32068
chr1,HAVANA,19596978,19658456,+,ENSG00000158747.15,NBL1,protein_coding,HGNC:7650
chr1,HAVANA,19597066,19656927,+,ENSG00000270136.6,MICOS10-NBL1,protein_coding,HGNC:48338
chr1,HAVANA,19664874,19680966,+,ENSG00000158748.4,HTR6,protein_coding,HGNC:5301
chr1,HAVANA,19882394,19912945,+,ENSG00000169914.6,OTUD3,protein_coding,HGNC:29038
chr1,HAVANA,20028178,20091911,+,ENSG00000127472.11,PLA2G5,protein_coding,HGNC:9038
chr1,HAVANA,20139322,20150381,+,ENSG00000158786.5,PLA2G2F,protein_coding,HGNC:30040
chr1,HAVANA,20186095,20196050,+,ENSG00000162543.6,UBXN10,protein_coding,HGNC:26354
chr1,HAVANA,20290874,20359518,+,ENSG00000158816.16,VWA5B1,protein_coding,HGNC:26538
chr1,HAVANA,20552572,20555020,+,ENSG00000183114.8,FAM43B,protein_coding,HGNC:31791
chr1,HAVANA,20589085,20618903,+,ENSG00000158825.6,CDA,protein_coding,HGNC:1712
chr1,HAVANA,20633457,20651511,+,ENSG00000158828.8,PINK1,protein_coding,HGNC:14581
chr1,HAVANA,21440127,21485005,+,ENSG00000142794.19,NBPF3,protein_coding,HGNC:25076
chr1,HAVANA,21509396,21578410,+,ENSG00000162551.14,ALPL,protein_coding,HGNC:438
chr1,HAVANA,21547403,21554002,+,ENSG00000289715.1,ENSG00000289715,protein_coding,
chr1,HAVANA,21812264,21825225,+,ENSG00000187942.12,LDLRAD2,protein_coding,HGNC:32071
chr1,HAVANA,21977021,21998642,+,ENSG00000219073.8,CELA3B,protein_coding,HGNC:15945
chr1,HAVANA,22001656,22012542,+,ENSG00000142789.20,CELA3A,protein_coding,HGNC:15944
chr1,HAVANA,22025141,22092943,+,ENSG00000289694.1,ENSG00000289694,protein_coding,
chr1,HAVANA,22052626,22101360,+,ENSG00000070831.18,CDC42,protein_coding,HGNC:1736
chr1,HAVANA,22428837,22531157,+,ENSG00000184677.18,ZBTB40,protein_coding,HGNC:29045
chr1,HAVANA,22563488,22603595,+,ENSG00000070886.12,EPHA8,protein_coding,HGNC:3391
chr1,HAVANA,22635076,22639678,+,ENSG00000173372.18,C1QA,protein_coding,HGNC:1241
chr1,HAVANA,22636505,22644067,+,ENSG00000289692.1,ENSG00000289692,protein_coding,
chr1,HAVANA,22643013,22648110,+,ENSG00000159189.13,C1QC,protein_coding,HGNC:1245
chr1,HAVANA,22652761,22661637,+,ENSG00000173369.18,C1QB,protein_coding,HGNC:1242
chr1,HAVANA,22710838,22921500,+,ENSG00000133216.17,EPHB2,protein_coding,HGNC:3393
chr1,HAVANA,23019442,23083689,+,ENSG00000004487.18,KDM1A,protein_coding,HGNC:29079
chr1,HAVANA,23691741,23696835,+,ENSG00000142676.14,RPL11,protein_coding,HGNC:10301
chr1,HAVANA,23743447,23762059,+,ENSG00000011007.13,ELOA,protein_coding,HGNC:11620
chr1,HAVANA,23778417,23788232,+,ENSG00000057757.10,PITHD1,protein_coding,HGNC:25022
chr1,HAVANA,23791109,23795539,+,ENSG00000011009.12,LYPLA2,protein_coding,HGNC:6738
chr1,HAVANA,23956838,23963462,+,ENSG00000189266.13,PNRC2,protein_coding,HGNC:23158
chr1,HAVANA,24199557,24364482,+,ENSG00000158055.17,GRHL3,protein_coding,HGNC:25839
chr1,HAVANA,24415801,24472976,+,ENSG00000001461.17,NIPAL3,protein_coding,HGNC:25233
chr1,HAVANA,24502350,24541040,+,ENSG00000117602.13,RCAN3,protein_coding,HGNC:3042
chr1,HAVANA,24556086,24609328,+,ENSG00000184454.7,NCMAP,protein_coding,HGNC:29332
chr1,HAVANA,24631715,24673281,+,ENSG00000133226.19,SRRM1,protein_coding,HGNC:16638
chr1,HAVANA,24745381,24844321,+,ENSG00000169504.15,CLIC4,protein_coding,HGNC:13518
chr1,HAVANA,25272392,25330445,+,ENSG00000187010.21,RHD,protein_coding,HGNC:10009
chr1,HAVANA,25338316,25362361,+,ENSG00000183726.11,TMEM50A,protein_coding,HGNC:30590
chr1,HAVANA,25430857,25500209,+,ENSG00000204178.11,MACO1,protein_coding,HGNC:25572
chr1,HAVANA,25543605,25568886,+,ENSG00000157978.12,LDLRAP1,protein_coding,HGNC:18640
chr1,HAVANA,25616790,25784450,+,ENSG00000117643.16,MAN1C1,protein_coding,HGNC:19080
chr1,HAVANA,25800192,25818221,+,ENSG00000162430.18,SELENON,protein_coding,HGNC:15999
chr1,HAVANA,25811469,25823744,+,ENSG00000255054.3,ENSG00000255054,protein_coding,
chr1,HAVANA,25818639,25832942,+,ENSG00000117640.18,MTFR1L,protein_coding,HGNC:28836
chr1,HAVANA,26019883,26036464,+,ENSG00000158008.10,EXTL1,protein_coding,HGNC:3515
chr1,HAVANA,26111164,26125555,+,ENSG00000175087.10,PDIK1L,protein_coding,HGNC:18981
chr1,HAVANA,26159078,26163962,+,ENSG00000197245.6,FAM110D,protein_coding,HGNC:25860
chr1,HAVANA,26169907,26170873,+,ENSG00000142684.9,ZNF593,protein_coding,HGNC:30943
chr1,HAVANA,26177483,26189884,+,ENSG00000142675.18,CNKSR1,protein_coding,HGNC:19700
chr1,HAVANA,26190560,26202968,+,ENSG00000188782.9,CATSPER4,protein_coding,HGNC:23220
chr1,HAVANA,26234199,26278808,+,ENSG00000130695.16,CEP85,protein_coding,HGNC:25309
chr1,HAVANA,26280085,26281522,+,ENSG00000142669.15,SH3BGRL3,protein_coding,HGNC:15568
chr1,HAVANA,26317957,26320523,+,ENSG00000169442.9,CD52,protein_coding,HGNC:1804
chr1,HAVANA,26410816,26429728,+,ENSG00000131914.11,LIN28A,protein_coding,HGNC:15986
chr1,HAVANA,26432281,26471306,+,ENSG00000117682.18,DHDDS,protein_coding,HGNC:20603
chr1,HAVANA,26472439,26476642,+,ENSG00000198830.12,HMGN2,protein_coding,HGNC:4986
chr1,HAVANA,26529760,26575030,+,ENSG00000117676.14,RPS6KA1,protein_coding,HGNC:10430
chr1,HAVANA,26693235,26782104,+,ENSG00000117713.21,ARID1A,protein_coding,HGNC:11110
chr1,HAVANA,26787053,26800659,+,ENSG00000060642.12,PIGV,protein_coding,HGNC:26031
chr1,HAVANA,26826687,26857604,+,ENSG00000204160.12,ZDHHC18,protein_coding,HGNC:20712
chr1,HAVANA,26863148,26864456,+,ENSG00000175793.12,SFN,protein_coding,HGNC:10773
chr1,HAVANA,26900237,26946871,+,ENSG00000090273.14,NUDC,protein_coding,HGNC:8045
chr1,HAVANA,26993691,27000886,+,ENSG00000253368.4,TRNP1,protein_coding,HGNC:34348
chr1,HAVANA,27234631,27308636,+,ENSG00000142784.16,WDTC1,protein_coding,HGNC:29175
chr1,HAVANA,27322144,27336400,+,ENSG00000186501.15,TMEM222,protein_coding,HGNC:25363
chr1,HAVANA,27342019,27353937,+,ENSG00000142765.18,SYTL1,protein_coding,HGNC:15584
chr1,HAVANA,27392621,27395814,+,ENSG00000181773.7,GPR3,protein_coding,HGNC:4484
chr1,HAVANA,27725960,27763116,+,ENSG00000009780.16,FAM76A,protein_coding,HGNC:28530
chr1,HAVANA,27773218,27824443,+,ENSG00000117758.14,STX12,protein_coding,HGNC:11430
chr1,HAVANA,27830781,27851676,+,ENSG00000117751.18,PPP1R8,protein_coding,HGNC:9296
chr1,HAVANA,27872542,27886685,+,ENSG00000130775.16,THEMIS2,protein_coding,HGNC:16839
chr1,HAVANA,27934999,27959157,+,ENSG00000130768.15,SMPDL3B,protein_coding,HGNC:21416
chr1,HAVANA,27959587,27968093,+,ENSG00000158156.9,XKR8,protein_coding,HGNC:25508
chr1,HAVANA,28236108,28246906,+,ENSG00000130770.18,ATP5IF1,protein_coding,HGNC:871
chr1,HAVANA,9629888,9729114,+,ENSG00000171608.18,PIK3CD,OncoGenes,HGNC:8977
chr1,HAVANA,18630845,18748866,+,ENSG00000009709.13,PAX7,OncoGenes,HGNC:8621
chr1,HAVANA,22052626,22101360,+,ENSG00000070831.18,CDC42,OncoGenes,HGNC:1736
chr1,HAVANA,32251243,32286165,+,ENSG00000182866.18,LCK,OncoGenes,HGNC:6524
chr1,HAVANA,32292082,32333635,+,ENSG00000116478.12,HDAC1,OncoGenes,HGNC:4852
chr1,HAVANA,35869807,35930532,+,ENSG00000092847.14,AGO1,OncoGenes,HGNC:3262
chr1,HAVANA,43337817,43354466,+,ENSG00000117400.18,MPL,OncoGenes,HGNC:7217
chr1,HAVANA,110338505,110346681,+,ENSG00000162775.17,RBM15,OncoGenes,HGNC:14959
chr1,HAVANA,116372667,116410261,+,ENSG00000163399.16,ATP1A1,OncoGenes,HGNC:799
chr1,HAVANA,119507197,119515054,+,ENSG00000203857.10,HSD3B1,OncoGenes,HGNC:5217
chr1,HAVANA,147541500,147626216,+,ENSG00000116128.12,BCL9,OncoGenes,HGNC:1008
chr1,HAVANA,150926262,150964744,+,ENSG00000143379.13,SETDB1,OncoGenes,HGNC:10761
chr1,HAVANA,156082571,156140081,+,ENSG00000160789.25,LMNA,OncoGenes,HGNC:6636
chr1,HAVANA,156750609,156800815,+,ENSG00000143294.15,PRCC,OncoGenes,HGNC:9343
chr1,HAVANA,156815635,156881850,+,ENSG00000198400.14,NTRK1,OncoGenes,HGNC:8031
chr1,HAVANA,160343293,160358952,+,ENSG00000162736.18,NCSTN,OncoGenes,HGNC:17091
chr1,HAVANA,162631372,162787405,+,ENSG00000162733.19,DDR2,OncoGenes,HGNC:2731
chr1,HAVANA,163266575,163355764,+,ENSG00000143228.13,NUF2,OncoGenes,HGNC:14621
chr1,HAVANA,202007944,202017183,+,ENSG00000163435.16,ELF3,OncoGenes,HGNC:3318
chr1,HAVANA,204516378,204558120,+,ENSG00000198625.14,MDM4,OncoGenes,HGNC:6974
chr1,HAVANA,206470475,206496889,+,ENSG00000263528.8,IKBKE,OncoGenes,HGNC:14552
chr1,HAVANA,226061850,226072019,+,ENSG00000163041.13,H3-3A,OncoGenes,HGNC:4764
chr1,HAVANA,233327723,233385148,+,ENSG00000143674.11,MAP3K21,OncoGenes,HGNC:29798
chr1,HAVANA,1751231,1780457,-,ENSG00000008130.15,NADK,OncoGenes,HGNC:29831
chr1,HAVANA,1785284,1892292,-,ENSG00000078369.19,GNB1,OncoGenes,HGNC:4396
chr1,HAVANA,11106534,11262556,-,ENSG00000198793.14,MTOR,OncoGenes,HGNC:3942
chr1,HAVANA,11658917,11691811,-,ENSG00000116670.16,MAD2L2,OncoGenes,HGNC:6764
chr1,HAVANA,35599540,35641526,-,ENSG00000126067.12,PSMB2,OncoGenes,HGNC:9539
chr1,HAVANA,36466042,36483278,-,ENSG00000119535.20,CSF3R,OncoGenes,HGNC:2439
chr1,HAVANA,38838197,38859772,-,ENSG00000116954.8,RRAGC,OncoGenes,HGNC:19902
chr1,HAVANA,39895427,39902256,-,ENSG00000116990.12,MYCL,OncoGenes,HGNC:7555
chr1,HAVANA,47216289,47232225,-,ENSG00000162367.12,TAL1,OncoGenes,HGNC:11556
chr1,HAVANA,58776844,58784048,-,ENSG00000177606.9,JUN,OncoGenes,HGNC:6204
chr1,HAVANA,64833222,65067754,-,ENSG00000162434.14,JAK1,OncoGenes,HGNC:6190
chr1,HAVANA,114704468,114716771,-,ENSG00000213281.5,NRAS,OncoGenes,HGNC:7989
chr1,HAVANA,119911552,120100779,-,ENSG00000134250.21,NOTCH2,OncoGenes,HGNC:7882
chr1,HAVANA,150560894,150579738,-,ENSG00000143384.14,MCL1,OncoGenes,HGNC:6943
chr1,HAVANA,155897807,155911404,-,ENSG00000143622.12,RIT1,OncoGenes,HGNC:10023
chr1,HAVANA,156463726,156500779,-,ENSG00000116604.19,MEF2D,OncoGenes,HGNC:6997
chr1,HAVANA,175944830,176207286,-,ENSG00000143207.21,COP1,OncoGenes,HGNC:17440
chr1,HAVANA,179099329,179229684,-,ENSG00000143322.22,ABL2,OncoGenes,HGNC:77
chr1,HAVANA,204422627,204494805,-,ENSG00000133056.14,PIK3C2B,OncoGenes,HGNC:8972
chr1,HAVANA,205597555,205632011,-,ENSG00000158711.14,ELK4,OncoGenes,HGNC:3326
chr1,HAVANA,226631689,226739323,-,ENSG00000143772.11,ITPKB,OncoGenes,HGNC:6179
chr1,HAVANA,230314489,230426332,-,ENSG00000177614.11,PGBD5,OncoGenes,HGNC:19405
chr1,HAVANA,243488232,243851079,-,ENSG00000117020.19,AKT3,OncoGenes,HGNC:393
chr1,HAVANA,245749341,246507312,-,ENSG00000185420.19,SMYD3,OncoGenes,HGNC:15513
chr2,HAVANA,15940549,15947007,+,ENSG00000134323.13,MYCN,OncoGenes,HGNC:7559
chr2,HAVANA,27217368,27243943,+,ENSG00000084774.14,CAD,OncoGenes,HGNC:1424
chr2,HAVANA,60881490,60931612,+,ENSG00000162924.16,REL,OncoGenes,HGNC:9954
chr2,HAVANA,74186171,74217565,+,ENSG00000065911.13,MTHFD2,OncoGenes,HGNC:7434
chr2,HAVANA,101696849,101894690,+,ENSG00000071054.17,MAP4K4,OncoGenes,HGNC:6866
chr2,HAVANA,108719481,108785810,+,ENSG00000153201.17,RANBP2,OncoGenes,HGNC:9848
chr2,HAVANA,111898606,112029561,+,ENSG00000153208.19,MERTK,OncoGenes,HGNC:7027
chr2,HAVANA,172555372,172608669,+,ENSG00000152256.14,PDK1,OncoGenes,HGNC:8809
chr2,HAVANA,203706474,203738912,+,ENSG00000178562.18,CD28,OncoGenes,HGNC:1653
chr2,HAVANA,203853887,203873965,+,ENSG00000163599.18,CTLA4,OncoGenes,HGNC:2505
chr2,HAVANA,207529736,207605988,+,ENSG00000118260.15,CREB1,OncoGenes,HGNC:2345
chr2,HAVANA,215311955,215349773,+,ENSG00000138363.15,ATIC,OncoGenes,HGNC:794
chr2,HAVANA,236567786,236582354,+,ENSG00000144476.6,ACKR3,OncoGenes,HGNC:23692
chr2,HAVANA,29192773,29921586,-,ENSG00000171094.18,ALK,OncoGenes,HGNC:427
chr2,HAVANA,38962205,39124345,-,ENSG00000115904.15,SOS1,OncoGenes,HGNC:11187
chr2,HAVANA,61476031,61538741,-,ENSG00000082898.19,XPO1,OncoGenes,HGNC:12825
chr2,HAVANA,113215996,113278921,-,ENSG00000125618.18,PAX8,OncoGenes,HGNC:8622
chr2,HAVANA,136114348,136119177,-,ENSG00000121966.8,CXCR4,OncoGenes,HGNC:2561
chr2,HAVANA,157736250,157876330,-,ENSG00000115170.16,ACVR1,OncoGenes,HGNC:171
chr2,HAVANA,177218666,177392756,-,ENSG00000116044.17,NFE2L2,OncoGenes,HGNC:7782
chr2,HAVANA,191029575,191178435,-,ENSG00000138378.20,STAT4,OncoGenes,HGNC:11365
chr2,HAVANA,197388514,197435079,-,ENSG00000115524.17,SF3B1,OncoGenes,HGNC:10768
chr2,HAVANA,208236228,208266074,-,ENSG00000138413.14,IDH1,OncoGenes,HGNC:5382
chr2,HAVANA,211375716,212538841,-,ENSG00000178568.16,ERBB4,OncoGenes,HGNC:3432
chr2,HAVANA,222199886,222298998,-,ENSG00000135903.20,PAX3,OncoGenes,HGNC:8617
chr2,HAVANA,226731311,226799820,-,ENSG00000169047.6,IRS1,OncoGenes,HGNC:6125
chr2,HAVANA,239048167,239401654,-,ENSG00000068024.18,HDAC4,OncoGenes,HGNC:14063
chr2,HAVANA,241849883,241858894,-,ENSG00000188389.11,PDCD1,OncoGenes,HGNC:8760
chr3,HAVANA,12287367,12434356,+,ENSG00000132170.24,PPARG,OncoGenes,HGNC:9236
chr3,HAVANA,38138551,38143024,+,ENSG00000172936.18,MYD88,OncoGenes,HGNC:7562
chr3,HAVANA,41194740,41260096,+,ENSG00000168036.19,CTNNB1,OncoGenes,HGNC:2514
chr3,HAVANA,53328962,53813733,+,ENSG00000157388.20,CACNA1D,OncoGenes,HGNC:1391
chr3,HAVANA,63863154,64003462,+,ENSG00000163635.20,ATXN7,OncoGenes,HGNC:10560
chr3,HAVANA,69739455,69968336,+,ENSG00000187098.18,MITF,OncoGenes,HGNC:7105
chr3,HAVANA,134795259,135260467,+,ENSG00000154928.19,EPHB1,OncoGenes,HGNC:3392
chr3,HAVANA,170222423,170305977,+,ENSG00000163558.13,PRKCI,OncoGenes,HGNC:9404
chr3,HAVANA,179148113,179240093,+,ENSG00000121879.6,PIK3CA,OncoGenes,HGNC:8975
chr3,HAVANA,181711924,181714436,+,ENSG00000181449.4,SOX2,OncoGenes,HGNC:11195
chr3,HAVANA,185282940,185489094,+,ENSG00000073803.14,MAP3K13,OncoGenes,HGNC:6852
chr3,HAVANA,186783204,186789897,+,ENSG00000156976.17,EIF4A2,OncoGenes,HGNC:3284
chr3,HAVANA,189631388,189897276,+,ENSG00000073282.14,TP63,OncoGenes,HGNC:15979
chr3,HAVANA,12582100,12664201,-,ENSG00000132155.14,RAF1,OncoGenes,HGNC:9829
chr3,HAVANA,49359138,49412998,-,ENSG00000067560.14,RHOA,OncoGenes,HGNC:667
chr3,HAVANA,49886901,49903873,-,ENSG00000164078.15,MST1R,OncoGenes,HGNC:7381
chr3,HAVANA,70954692,71583978,-,ENSG00000114861.24,FOXP1,OncoGenes,HGNC:3823
chr3,HAVANA,114314499,115147292,-,ENSG00000181722.18,ZBTB20,OncoGenes,HGNC:13503
chr3,HAVANA,119821320,120094994,-,ENSG00000082701.17,GSK3B,OncoGenes,HGNC:4617
chr3,HAVANA,120392292,120451016,-,ENSG00000163430.13,FSTL1,OncoGenes,HGNC:3972
chr3,HAVANA,128479426,128493201,-,ENSG00000179348.13,GATA2,OncoGenes,HGNC:4171
chr3,HAVANA,138652697,138834928,-,ENSG00000051382.9,PIK3CB,OncoGenes,HGNC:8976
chr3,HAVANA,138944223,138947137,-,ENSG00000183770.7,FOXL2,OncoGenes,HGNC:1092
chr3,HAVANA,149517234,149736714,-,ENSG00000018408.15,WWTR1,OncoGenes,HGNC:24042
chr3,HAVANA,169083498,169663775,-,ENSG00000085276.19,MECOM,OncoGenes,HGNC:3498
chr3,HAVANA,177019339,177228000,-,ENSG00000177565.19,TBL1XR1,OncoGenes,HGNC:29529
chr3,HAVANA,182938073,182985953,-,ENSG00000043093.15,DCUN1D1,OncoGenes,HGNC:18184
chr3,HAVANA,183487550,183555706,-,ENSG00000172578.12,KLHL6,OncoGenes,HGNC:18653
chr3,HAVANA,186046313,186110318,-,ENSG00000244405.8,ETV5,OncoGenes,HGNC:3494
chr3,HAVANA,187721376,187745725,-,ENSG00000113916.18,BCL6,OncoGenes,HGNC:1001
chr4,HAVANA,1793292,1808872,+,ENSG00000068078.20,FGFR3,OncoGenes,HGNC:3690
chr4,HAVANA,1871392,1982207,+,ENSG00000109685.19,NSD2,OncoGenes,HGNC:12766
chr4,HAVANA,41256412,41268455,+,ENSG00000154277.13,UCHL1,OncoGenes,HGNC:12513
chr4,HAVANA,54229279,54298245,+,ENSG00000134853.12,PDGFRA,OncoGenes,HGNC:8803
chr4,HAVANA,54657266,54740783,+,ENSG00000157404.17,KIT,OncoGenes,HGNC:6342
chr4,HAVANA,56467616,56503681,+,ENSG00000174780.17,SRP72,OncoGenes,HGNC:11303
chr4,HAVANA,80266638,80336680,+,ENSG00000138675.17,FGF5,OncoGenes,HGNC:3683
chr4,HAVANA,122826681,122898236,+,ENSG00000138685.18,FGF2,OncoGenes,HGNC:3676
chr4,HAVANA,143336875,143474565,+,ENSG00000109458.10,GAB1,OncoGenes,HGNC:4066
chr4,HAVANA,55078480,55125595,-,ENSG00000128052.10,KDR,OncoGenes,HGNC:6307
chr4,HAVANA,98879275,98929133,-,ENSG00000151247.13,EIF4E,OncoGenes,HGNC:3287
chr4,HAVANA,108047544,108168956,-,ENSG00000138795.10,LEF1,OncoGenes,HGNC:6551
chr4,HAVANA,153780590,153789083,-,ENSG00000145423.5,SFRP2,OncoGenes,HGNC:10777
chr5,HAVANA,892883,919357,+,ENSG00000071539.14,TRIP13,OncoGenes,HGNC:12307
chr5,HAVANA,35852694,35879603,+,ENSG00000168685.15,IL7R,OncoGenes,HGNC:6024
chr5,HAVANA,55738016,55817157,+,ENSG00000152670.19,DDX4,OncoGenes,HGNC:18700
chr5,HAVANA,73626157,73941993,+,ENSG00000214944.10,ARHGEF28,OncoGenes,HGNC:30322
chr5,HAVANA,132060654,132063204,+,ENSG00000164399.5,IL3,OncoGenes,HGNC:6011
chr5,HAVANA,142770376,143229011,+,ENSG00000145819.18,ARHGAP26,OncoGenes,HGNC:17073
chr5,HAVANA,161547062,161702593,+,ENSG00000145863.11,GABRA6,OncoGenes,HGNC:4080
chr5,HAVANA,171309247,171312139,+,ENSG00000164438.6,TLX3,OncoGenes,HGNC:13532
chr5,HAVANA,177086904,177098144,+,ENSG00000160867.15,FGFR4,OncoGenes,HGNC:3691
chr5,HAVANA,177131829,177300213,+,ENSG00000165671.22,NSD1,OncoGenes,HGNC:14234
chr5,HAVANA,179806397,179838078,+,ENSG00000161011.20,SQSTM1,OncoGenes,HGNC:11280
chr5,HAVANA,1253146,1295068,-,ENSG00000164362.21,TERT,OncoGenes,HGNC:11730
chr5,HAVANA,38937919,39074402,-,ENSG00000164327.14,RICTOR,OncoGenes,HGNC:28611
chr5,HAVANA,44300246,44389706,-,ENSG00000070193.5,FGF10,OncoGenes,HGNC:3666
chr5,HAVANA,55935094,55995022,-,ENSG00000134352.21,IL6ST,OncoGenes,HGNC:6021
chr5,HAVANA,88717116,88904257,-,ENSG00000081189.17,MEF2C,OncoGenes,HGNC:6996
chr5,HAVANA,97160866,97183247,-,ENSG00000058729.11,RIOK2,OncoGenes,HGNC:18999
chr5,HAVANA,132875394,132963634,-,ENSG00000072364.13,AFF4,OncoGenes,HGNC:17869
chr5,HAVANA,142592177,142698070,-,ENSG00000113578.18,FGF1,OncoGenes,HGNC:3665
chr5,HAVANA,150113838,150155872,-,ENSG00000113721.14,PDGFRB,OncoGenes,HGNC:8804
chr5,HAVANA,150401636,150412969,-,ENSG00000019582.17,CD74,OncoGenes,HGNC:1697
chr5,HAVANA,180601505,180649624,-,ENSG00000037280.16,FLT4,OncoGenes,HGNC:3767
chr6,HAVANA,391738,411443,+,ENSG00000137265.16,IRF4,OncoGenes,HGNC:6119
chr6,HAVANA,15246068,15522042,+,ENSG00000008083.14,JARID2,OncoGenes,HGNC:6196
chr6,HAVANA,20401878,20493714,+,ENSG00000112242.16,E2F3,OncoGenes,HGNC:3115
chr6,HAVANA,26087225,26098343,+,ENSG00000010704.20,HFE,OncoGenes,HGNC:4886
chr6,HAVANA,26156328,26157115,+,ENSG00000168298.7,H1-4,OncoGenes,HGNC:4718
chr6,HAVANA,31971090,31982821,+,ENSG00000204344.16,STK19,OncoGenes,HGNC:11398
chr6,HAVANA,34236872,34246231,+,ENSG00000137309.21,HMGA1,OncoGenes,HGNC:5010
chr6,HAVANA,43770183,43786487,+,ENSG00000112715.26,VEGFA,OncoGenes,HGNC:12680
chr6,HAVANA,98834573,98839458,+,ENSG00000184486.10,POU3F2,OncoGenes,HGNC:9215
chr6,HAVANA,135181307,135219173,+,ENSG00000118513.21,MYB,OncoGenes,HGNC:7545
chr6,HAVANA,151656690,152129619,+,ENSG00000091831.25,ESR1,OncoGenes,HGNC:3467
chr6,HAVANA,18223859,18264548,-,ENSG00000124795.17,DEK,OncoGenes,HGNC:2768
chr6,HAVANA,27892698,27893185,-,ENSG00000278677.2,H2AC17,OncoGenes,HGNC:4735
chr6,HAVANA,28903001,28923988,-,ENSG00000204713.11,TRIM27,OncoGenes,HGNC:9975
chr6,HAVANA,31580524,31582522,-,ENSG00000227507.3,LTB,OncoGenes,HGNC:6711
chr6,HAVANA,32194842,32224067,-,ENSG00000204301.6,NOTCH4,OncoGenes,HGNC:7884
chr6,HAVANA,41934933,42050357,-,ENSG00000112576.13,CCND3,OncoGenes,HGNC:1585
chr6,HAVANA,90513572,90587086,-,ENSG00000135341.19,MAP3K7,OncoGenes,HGNC:6859
chr6,HAVANA,93240019,93419687,-,ENSG00000135333.15,EPHA7,OncoGenes,HGNC:3390
chr6,HAVANA,111299027,111483715,-,ENSG00000009413.17,REV3L,OncoGenes,HGNC:9968
chr6,HAVANA,111660331,111873452,-,ENSG00000010810.18,FYN,OncoGenes,HGNC:4037
chr6,HAVANA,113933027,114011308,-,ENSG00000196591.12,HDAC2,OncoGenes,HGNC:4853
chr6,HAVANA,117287352,117425942,-,ENSG00000047936.11,ROS1,OncoGenes,HGNC:10261
chr6,HAVANA,134169247,134318112,-,ENSG00000118515.12,SGK1,OncoGenes,HGNC:10810
chr7,HAVANA,6374526,6403967,+,ENSG00000136238.20,RAC1,OncoGenes,HGNC:9801
chr7,HAVANA,55019016,55211628,+,ENSG00000146648.21,EGFR,OncoGenes,HGNC:3236
chr7,HAVANA,74027788,74069907,+,ENSG00000049540.19,ELN,OncoGenes,HGNC:3327
chr7,HAVANA,74650230,74760692,+,ENSG00000263001.8,GTF2I,OncoGenes,HGNC:4659
chr7,HAVANA,106865277,106908980,+,ENSG00000105851.11,PIK3CG,OncoGenes,HGNC:8978
chr7,HAVANA,116672195,116798377,+,ENSG00000105976.16,MET,OncoGenes,HGNC:7029
chr7,HAVANA,129188632,129213545,+,ENSG00000128602.11,SMO,OncoGenes,HGNC:11119
chr7,HAVANA,141907812,142106747,+,ENSG00000257335.8,MGAM,OncoGenes,HGNC:7043
chr7,HAVANA,2721821,2870786,-,ENSG00000146535.15,GNA12,OncoGenes,HGNC:4380
chr7,HAVANA,2906141,3044228,-,ENSG00000198286.11,CARD11,OncoGenes,HGNC:16393
chr7,HAVANA,13891228,13991425,-,ENSG00000006468.15,ETV1,OncoGenes,HGNC:3490
chr7,HAVANA,41667167,41705834,-,ENSG00000122641.11,INHBA,OncoGenes,HGNC:6066
chr7,HAVANA,81699009,81770438,-,ENSG00000019991.18,HGF,OncoGenes,HGNC:4893
chr7,HAVANA,92604920,92836573,-,ENSG00000105810.10,CDK6,OncoGenes,HGNC:1777
chr7,HAVANA,100802564,100827523,-,ENSG00000196411.10,EPHB4,OncoGenes,HGNC:3395
chr7,HAVANA,140719326,140924929,-,ENSG00000157764.14,BRAF,OncoGenes,HGNC:1097
chr7,HAVANA,142941113,142962363,-,ENSG00000197993.9,KEL,OncoGenes,HGNC:6308
chr7,HAVANA,148807256,148884321,-,ENSG00000106462.12,EZH2,OncoGenes,HGNC:3527
chr7,HAVANA,151466011,151520120,-,ENSG00000106615.10,RHEB,OncoGenes,HGNC:10011
chr8,HAVANA,31639221,32855666,+,ENSG00000157168.22,NRG1,OncoGenes,HGNC:7997
chr8,HAVANA,55879834,56014169,+,ENSG00000254087.8,LYN,OncoGenes,HGNC:6735
chr8,HAVANA,66432491,66468907,+,ENSG00000147576.17,ADHFE1,OncoGenes,HGNC:16354
chr8,HAVANA,86342546,86478420,+,ENSG00000123124.14,WWP1,OncoGenes,HGNC:17004
chr8,HAVANA,103140712,103230305,+,ENSG00000164929.17,BAALC,OncoGenes,HGNC:14333
chr8,HAVANA,127735433,127742951,+,ENSG00000136997.22,MYC,OncoGenes,HGNC:7553
chr8,HAVANA,38400214,38468834,-,ENSG00000077782.23,FGFR1,OncoGenes,HGNC:3688
chr8,HAVANA,47773110,47960178,-,ENSG00000253729.9,PRKDC,OncoGenes,HGNC:9413
chr8,HAVANA,66562174,66614247,-,ENSG00000185697.17,MYBL1,OncoGenes,HGNC:7547
chr8,HAVANA,91954971,92103385,-,ENSG00000079102.18,RUNX1T1,OncoGenes,HGNC:1535
chr8,HAVANA,102252272,102412759,-,ENSG00000104517.13,UBR5,OncoGenes,HGNC:16806
chr9,HAVANA,4984389,5129948,+,ENSG00000096968.14,JAK2,OncoGenes,HGNC:6192
chr9,HAVANA,5450502,5470566,+,ENSG00000120217.14,CD274,OncoGenes,HGNC:17635
chr9,HAVANA,5510530,5571282,+,ENSG00000197646.8,PDCD1LG2,OncoGenes,HGNC:18731
chr9,HAVANA,84668374,85095751,+,ENSG00000148053.18,NTRK2,OncoGenes,HGNC:8032
chr9,HAVANA,90801786,90898549,+,ENSG00000165025.15,SYK,OncoGenes,HGNC:11491
chr9,HAVANA,99821854,99866891,+,ENSG00000119508.18,NR4A3,OncoGenes,HGNC:7982
chr9,HAVANA,128683423,128696400,+,ENSG00000119335.18,SET,OncoGenes,HGNC:10760
chr9,HAVANA,130713042,130887675,+,ENSG00000097007.20,ABL1,OncoGenes,HGNC:76
chr9,HAVANA,131125572,131234663,+,ENSG00000126883.19,NUP214,OncoGenes,HGNC:8064
chr9,HAVANA,136658855,136672678,+,ENSG00000172889.16,EGFL7,OncoGenes,HGNC:20594
chr9,HAVANA,20341668,20622499,-,ENSG00000171843.17,MLLT3,OncoGenes,HGNC:7136
chr9,HAVANA,36833268,37034268,-,ENSG00000196092.14,PAX5,OncoGenes,HGNC:8619
chr9,HAVANA,77716096,78031811,-,ENSG00000156052.11,GNAQ,OncoGenes,HGNC:4390
chr9,HAVANA,107484851,107490482,-,ENSG00000136826.15,KLF4,OncoGenes,HGNC:6348
chr9,HAVANA,120855650,120894896,-,ENSG00000119403.15,PHF19,OncoGenes,HGNC:24566
chr9,HAVANA,133761893,133992604,-,ENSG00000160293.17,VAV2,OncoGenes,HGNC:12658
chr9,HAVANA,134030304,134068535,-,ENSG00000169925.17,BRD3,OncoGenes,HGNC:1104
chr9,HAVANA,136494432,136546048,-,ENSG00000148400.13,NOTCH1,OncoGenes,HGNC:7881
chr10,HAVANA,8045377,8075198,+,ENSG00000107485.18,GATA3,OncoGenes,HGNC:4172
chr10,HAVANA,21524645,21743630,+,ENSG00000078403.17,MLLT10,OncoGenes,HGNC:16063
chr10,HAVANA,43077063,43130351,+,ENSG00000165731.22,RET,OncoGenes,HGNC:9967
chr10,HAVANA,101131299,101137789,+,ENSG00000107807.13,TLX1,OncoGenes,HGNC:5056
chr10,HAVANA,110919366,111017307,+,ENSG00000108061.13,SHOC2,OncoGenes,HGNC:15454
chr10,HAVANA,26973792,27100494,-,ENSG00000107890.17,ANKRD26,OncoGenes,HGNC:29186
chr10,HAVANA,101770108,101780371,-,ENSG00000107831.14,FGF8,OncoGenes,HGNC:3686
chr10,HAVANA,103087184,103277605,-,ENSG00000076685.19,NT5C2,OncoGenes,HGNC:8022
chr10,HAVANA,121478331,121598458,-,ENSG00000066468.24,FGFR2,OncoGenes,HGNC:3689
chr10,HAVANA,128096658,128126423,-,ENSG00000148773.14,MKI67,OncoGenes,HGNC:7107
chr11,HAVANA,64359147,64372215,+,ENSG00000162302.13,RPS6KA4,OncoGenes,HGNC:10433
chr11,HAVANA,66050728,66069308,+,ENSG00000087365.16,SF3B2,OncoGenes,HGNC:10769
chr11,HAVANA,67428459,67435401,+,ENSG00000175634.15,RPS6KB2,OncoGenes,HGNC:10437
chr11,HAVANA,68312590,68449275,+,ENSG00000162337.12,LRP5,OncoGenes,HGNC:6697
chr11,HAVANA,69641155,69654474,+,ENSG00000110092.4,CCND1,OncoGenes,HGNC:1582
chr11,HAVANA,72189557,72196323,+,ENSG00000110195.14,FOLR1,OncoGenes,HGNC:3791
chr11,HAVANA,76444922,76553031,+,ENSG00000158636.17,EMSY,OncoGenes,HGNC:18071
chr11,HAVANA,102110446,102233424,+,ENSG00000137693.14,YAP1,OncoGenes,HGNC:16262
chr11,HAVANA,120336412,120489937,+,ENSG00000196914.9,ARHGEF12,OncoGenes,HGNC:14193
chr11,HAVANA,128686534,128813267,+,ENSG00000151702.18,FLI1,OncoGenes,HGNC:3749
chr11,HAVANA,532241,537321,-,ENSG00000174775.18,HRAS,OncoGenes,HGNC:5173
chr11,HAVANA,2129111,2158391,-,ENSG00000167244.22,IGF2,OncoGenes,HGNC:5466
chr11,HAVANA,3671082,3797792,-,ENSG00000110713.18,NUP98,OncoGenes,HGNC:8068
chr11,HAVANA,8224308,8268716,-,ENSG00000166407.14,LMO1,OncoGenes,HGNC:6641
chr11,HAVANA,14277921,14364506,-,ENSG00000133818.14,RRAS2,OncoGenes,HGNC:17271
chr11,HAVANA,32387774,32435564,-,ENSG00000184937.16,WT1,OncoGenes,HGNC:12796
chr11,HAVANA,33858575,33892076,-,ENSG00000135363.12,LMO2,OncoGenes,HGNC:6642
chr11,HAVANA,49145091,49208638,-,ENSG00000086205.18,FOLH1,OncoGenes,HGNC:3788
chr11,HAVANA,57233576,57237250,-,ENSG00000134817.12,APLNR,OncoGenes,HGNC:339
chr11,HAVANA,69698237,69704022,-,ENSG00000162344.4,FGF19,OncoGenes,HGNC:3675
chr11,HAVANA,69771021,69775341,-,ENSG00000075388.4,FGF4,OncoGenes,HGNC:3682
chr11,HAVANA,69809967,69819416,-,ENSG00000186895.4,FGF3,OncoGenes,HGNC:3681
chr11,HAVANA,77322016,77474635,-,ENSG00000149269.10,PAK1,OncoGenes,HGNC:8590
chr11,HAVANA,78215292,78418348,-,ENSG00000033327.13,GAB2,OncoGenes,HGNC:14458
chr11,HAVANA,101029623,101129813,-,ENSG00000082175.16,PGR,OncoGenes,HGNC:8910
chr11,HAVANA,128458760,128587558,-,ENSG00000134954.14,ETS1,OncoGenes,HGNC:3488
chr12,HAVANA,990508,1495933,+,ENSG00000082805.21,ERC1,OncoGenes,HGNC:17072
chr12,HAVANA,4269770,4305353,+,ENSG00000118971.9,CCND2,OncoGenes,HGNC:1583
chr12,HAVANA,4307762,4360028,+,ENSG00000078237.7,TIGAR,OncoGenes,HGNC:1185
chr12,HAVANA,50763709,50821162,+,ENSG00000123268.9,ATF1,OncoGenes,HGNC:783
chr12,HAVANA,56076798,56103505,+,ENSG00000065361.17,ERBB3,OncoGenes,HGNC:3431
chr12,HAVANA,57459784,57472268,+,ENSG00000111087.10,GLI1,OncoGenes,HGNC:4317
chr12,HAVANA,65824459,65966291,+,ENSG00000149948.14,HMGA2,OncoGenes,HGNC:5009
chr12,HAVANA,68808176,68845544,+,ENSG00000135679.27,MDM2,OncoGenes,HGNC:6973
chr12,HAVANA,69470348,69579793,+,ENSG00000166225.9,FRS2,OncoGenes,HGNC:16971
chr12,HAVANA,71439797,71586310,+,ENSG00000139292.13,LGR5,OncoGenes,HGNC:4504
chr12,HAVANA,112418350,112509918,+,ENSG00000179295.19,PTPN11,OncoGenes,HGNC:9644
chr12,HAVANA,280056,389320,-,ENSG00000073614.13,KDM5A,OncoGenes,HGNC:9886
chr12,HAVANA,4368226,4379712,-,ENSG00000118972.3,FGF23,OncoGenes,HGNC:3680
chr12,HAVANA,4428154,4445815,-,ENSG00000111241.3,FGF6,OncoGenes,HGNC:3684
chr12,HAVANA,6570081,6614524,-,ENSG00000111642.16,CHD4,OncoGenes,HGNC:1919
chr12,HAVANA,12116024,12267044,-,ENSG00000070018.9,LRP6,OncoGenes,HGNC:6698
chr12,HAVANA,25205245,25250936,-,ENSG00000133703.14,KRAS,OncoGenes,HGNC:6407
chr12,HAVANA,47782721,47833132,-,ENSG00000061273.18,HDAC7,OncoGenes,HGNC:14067
chr12,HAVANA,54292110,54301015,-,ENSG00000123405.14,NFE2,OncoGenes,HGNC:7780
chr12,HAVANA,57095407,57132139,-,ENSG00000166888.13,STAT6,OncoGenes,HGNC:11368
chr12,HAVANA,57747726,57756013,-,ENSG00000135446.17,CDK4,OncoGenes,HGNC:1773
chr12,HAVANA,102395873,102481744,-,ENSG00000017427.17,IGF1,OncoGenes,HGNC:5464
chr12,HAVANA,105019783,105107643,-,ENSG00000136010.14,ALDH1L2,OncoGenes,HGNC:26777
chr12,HAVANA,109277977,109309284,-,ENSG00000139445.18,FOXN4,OncoGenes,HGNC:21399
chr12,HAVANA,117453011,117968990,-,ENSG00000171435.15,KSR2,OncoGenes,HGNC:18610
chr12,HAVANA,120095098,120117502,-,ENSG00000111737.12,RAB35,OncoGenes,HGNC:9774
chr12,HAVANA,120341329,120369164,-,ENSG00000135097.7,MSI1,OncoGenes,HGNC:7330
chr13,HAVANA,21671072,21704498,+,ENSG00000102678.7,FGF9,OncoGenes,HGNC:3687
chr13,HAVANA,26254103,26420982,+,ENSG00000132964.13,CDK8,OncoGenes,HGNC:1779
chr13,HAVANA,48653710,48711226,+,ENSG00000152207.8,CYSLTR2,OncoGenes,HGNC:18274
chr13,HAVANA,73054975,73077541,+,ENSG00000102554.14,KLF5,OncoGenes,HGNC:6349
chr13,HAVANA,113208192,113267108,+,ENSG00000139842.15,CUL4A,OncoGenes,HGNC:2554
chr13,HAVANA,28003273,28100592,-,ENSG00000122025.15,FLT3,OncoGenes,HGNC:3765
chr13,HAVANA,28300345,28495145,-,ENSG00000102755.13,FLT1,OncoGenes,HGNC:3763
chr13,HAVANA,109752694,109786583,-,ENSG00000185950.9,IRS2,OncoGenes,HGNC:6126
chr14,HAVANA,61695512,61748259,+,ENSG00000100644.17,HIF1A,OncoGenes,HGNC:4910
chr14,HAVANA,80954988,81146306,+,ENSG00000165409.18,TSHR,OncoGenes,HGNC:12373
chr14,HAVANA,95686425,95692628,+,ENSG00000213231.13,TCL1B,OncoGenes,HGNC:11649
chr14,HAVANA,100238297,100282788,+,ENSG00000100811.15,YY1,OncoGenes,HGNC:12856
chr14,HAVANA,36516391,36521149,-,ENSG00000136352.20,NKX2-1,OncoGenes,HGNC:11825
chr14,HAVANA,37589551,37596059,-,ENSG00000129514.8,FOXA1,OncoGenes,HGNC:5021
chr14,HAVANA,95709946,95714196,-,ENSG00000100721.11,TCL1A,OncoGenes,HGNC:11648
chr14,HAVANA,102080741,102139699,-,ENSG00000080824.19,HSP90AA1,OncoGenes,HGNC:5253
chr14,HAVANA,104769348,104795759,-,ENSG00000142208.19,AKT1,OncoGenes,HGNC:391
chr15,HAVANA,32641675,32697098,+,ENSG00000166922.9,SCG5,OncoGenes,HGNC:10816
chr15,HAVANA,32718003,32745106,+,ENSG00000166923.12,GREM1,OncoGenes,HGNC:2001
chr15,HAVANA,49423236,49488775,+,ENSG00000140285.12,FGF7,OncoGenes,HGNC:3685
chr15,HAVANA,50424379,50514421,+,ENSG00000138592.14,USP8,OncoGenes,HGNC:12631
chr15,HAVANA,66386836,66491656,+,ENSG00000169032.11,MAP2K1,OncoGenes,HGNC:6840
chr15,HAVANA,73683965,73714514,+,ENSG00000103855.18,CD276,OncoGenes,HGNC:19137
chr15,HAVANA,74541205,74598131,+,ENSG00000179361.18,ARID3B,OncoGenes,HGNC:14350
chr15,HAVANA,90388241,90502239,+,ENSG00000140575.13,IQGAP1,OncoGenes,HGNC:6110
chr15,HAVANA,90868587,90883564,+,ENSG00000140564.13,FURIN,OncoGenes,HGNC:8568
chr15,HAVANA,90883694,90895776,+,ENSG00000182511.12,FES,OncoGenes,HGNC:3657
chr15,HAVANA,98648538,98964530,+,ENSG00000140443.15,IGF1R,OncoGenes,HGNC:5465
chr15,HAVANA,41503636,41513887,-,ENSG00000062524.16,LTK,OncoGenes,HGNC:6721
chr15,HAVANA,51208056,51338601,-,ENSG00000137869.16,CYP19A1,OncoGenes,HGNC:2594
chr15,HAVANA,52307280,52529132,-,ENSG00000197535.16,MYO5A,OncoGenes,HGNC:7602
chr15,HAVANA,87859750,88256791,-,ENSG00000140538.17,NTRK3,OncoGenes,HGNC:8033
chr15,HAVANA,90083044,90102477,-,ENSG00000182054.10,IDH2,OncoGenes,HGNC:5383
chr16,HAVANA,11965209,11968068,+,ENSG00000048462.11,TNFRSF17,OncoGenes,HGNC:11913
chr16,HAVANA,28931964,28939342,+,ENSG00000177455.15,CD19,OncoGenes,HGNC:1633
chr16,HAVANA,30957293,30984664,+,ENSG00000099381.20,SETD1A,OncoGenes,HGNC:29010
chr16,HAVANA,31180137,31196963,+,ENSG00000089280.20,FUS,OncoGenes,HGNC:4010
chr16,HAVANA,81779278,81962685,+,ENSG00000197943.12,PLCG2,OncoGenes,HGNC:9066
chr16,HAVANA,86510526,86515422,+,ENSG00000103241.7,FOXF1,OncoGenes,HGNC:3809
chr16,HAVANA,30114104,30123506,-,ENSG00000102882.12,MAPK3,OncoGenes,HGNC:6877
chr16,HAVANA,64943752,65126112,-,ENSG00000140937.14,CDH11,OncoGenes,HGNC:1750
chr16,HAVANA,69706995,69726668,-,ENSG00000181019.13,NQO1,OncoGenes,HGNC:2874
chr17,HAVANA,7558291,7561608,+,ENSG00000161955.17,TNFSF13,OncoGenes,HGNC:11928
chr17,HAVANA,39687913,39730426,+,ENSG00000141736.14,ERBB2,OncoGenes,HGNC:3430
chr17,HAVANA,39737926,39747291,+,ENSG00000141738.14,GRB7,OncoGenes,HGNC:4567
chr17,HAVANA,42287546,42311943,+,ENSG00000126561.18,STAT5A,OncoGenes,HGNC:11366
chr17,HAVANA,49788623,49835026,+,ENSG00000136504.15,KAT7,OncoGenes,HGNC:17016
chr17,HAVANA,57255850,57684689,+,ENSG00000153944.12,MSI2,OncoGenes,HGNC:18585
chr17,HAVANA,60600192,60666280,+,ENSG00000170836.13,PPM1D,OncoGenes,HGNC:9277
chr17,HAVANA,72121019,72126416,+,ENSG00000125398.8,SOX9,OncoGenes,HGNC:11204
chr17,HAVANA,74748627,74769353,+,ENSG00000109062.12,NHERF1,OncoGenes,HGNC:11075
chr17,HAVANA,80544818,80966371,+,ENSG00000141564.16,RPTOR,OncoGenes,HGNC:30287
chr17,HAVANA,8072635,8087716,-,ENSG00000179477.11,ALOX12B,OncoGenes,HGNC:430
chr17,HAVANA,8204732,8210600,-,ENSG00000178999.13,AURKB,OncoGenes,HGNC:11390
chr17,HAVANA,39757717,39864312,-,ENSG00000161405.17,IKZF3,OncoGenes,HGNC:13178
chr17,HAVANA,40388524,40417896,-,ENSG00000131747.15,TOP2A,OncoGenes,HGNC:11989
chr17,HAVANA,40624961,40648654,-,ENSG00000073584.20,SMARCE1,OncoGenes,HGNC:11109
chr17,HAVANA,42199175,42288633,-,ENSG00000173757.11,STAT5B,OncoGenes,HGNC:11367
chr17,HAVANA,42313323,42388568,-,ENSG00000168610.17,STAT3,OncoGenes,HGNC:11364
chr17,HAVANA,42700274,42745049,-,ENSG00000108799.13,EZH1,OncoGenes,HGNC:3526
chr17,HAVANA,43527843,43579620,-,ENSG00000175832.13,ETV4,OncoGenes,HGNC:3493
chr17,HAVANA,44205032,44221626,-,ENSG00000108312.16,UBTF,OncoGenes,HGNC:12511
chr17,HAVANA,45263118,45317029,-,ENSG00000006062.18,MAP3K14,OncoGenes,HGNC:6853
chr17,HAVANA,48724762,48728750,-,ENSG00000159184.8,HOXB13,OncoGenes,HGNC:5112
chr17,HAVANA,50184100,50201632,-,ENSG00000108821.14,COL1A1,OncoGenes,HGNC:2197
chr17,HAVANA,63928737,63932336,-,ENSG00000007312.14,CD79B,OncoGenes,HGNC:1699
chr17,HAVANA,64498253,64508199,-,ENSG00000108654.16,DDX5,OncoGenes,HGNC:2746
chr17,HAVANA,65009288,65056740,-,ENSG00000120063.10,GNA13,OncoGenes,HGNC:4381
chr17,HAVANA,78991715,79009867,-,ENSG00000171302.17,CANT1,OncoGenes,HGNC:19721
chr18,HAVANA,22169588,22202528,+,ENSG00000141448.11,GATA6,OncoGenes,HGNC:4174
chr18,HAVANA,44680172,45068510,+,ENSG00000152217.20,SETBP1,OncoGenes,HGNC:15573
chr18,HAVANA,57435373,57491298,+,ENSG00000119547.6,ONECUT2,OncoGenes,HGNC:8139
chr18,HAVANA,721587,812546,-,ENSG00000176105.14,YES1,OncoGenes,HGNC:12841
chr18,HAVANA,26016252,26091217,-,ENSG00000141380.14,SS18,OncoGenes,HGNC:11340
chr18,HAVANA,27932878,28177946,-,ENSG00000170558.10,CDH2,OncoGenes,HGNC:1759
chr18,HAVANA,63123345,63320128,-,ENSG00000171791.14,BCL2,OncoGenes,HGNC:990
chr18,HAVANA,63655196,63661893,-,ENSG00000057149.16,SERPINB3,OncoGenes,HGNC:10569
chr19,HAVANA,1438357,1440495,+,ENSG00000115268.10,RPS15,OncoGenes,HGNC:10388
chr19,HAVANA,2163932,2232578,+,ENSG00000104885.19,DOT1L,OncoGenes,HGNC:24948
chr19,HAVANA,3094361,3123999,+,ENSG00000088256.9,GNA11,OncoGenes,HGNC:4379
chr19,HAVANA,3506310,3538334,+,ENSG00000105325.15,FZR1,OncoGenes,HGNC:24824
chr19,HAVANA,6772707,6857366,+,ENSG00000141968.8,VAV1,OncoGenes,HGNC:12657
chr19,HAVANA,10718054,10833488,+,ENSG00000079805.19,DNM2,OncoGenes,HGNC:2974
chr19,HAVANA,12806583,12813640,+,ENSG00000104889.7,RNASEH2A,OncoGenes,HGNC:18518
chr19,HAVANA,12938577,12944489,+,ENSG00000179218.15,CALR,OncoGenes,HGNC:1455
chr19,HAVANA,29811990,29824312,+,ENSG00000105173.14,CCNE1,OncoGenes,HGNC:1589
chr19,HAVANA,41219222,41261766,+,ENSG00000167601.12,AXL,OncoGenes,HGNC:905
chr19,HAVANA,41877278,41881372,+,ENSG00000105369.10,CD79A,OncoGenes,HGNC:1698
chr19,HAVANA,44747704,44760044,+,ENSG00000069399.15,BCL3,OncoGenes,HGNC:998
chr19,HAVANA,46860996,47005077,+,ENSG00000160007.20,ARHGAP35,OncoGenes,HGNC:4591
chr19,HAVANA,4043302,4066899,-,ENSG00000178951.9,ZBTB7A,OncoGenes,HGNC:18078
chr19,HAVANA,4090320,4124122,-,ENSG00000126934.15,MAP2K2,OncoGenes,HGNC:6842
chr19,HAVANA,6583182,6604103,-,ENSG00000125726.11,CD70,OncoGenes,HGNC:11937
chr19,HAVANA,7112254,7294414,-,ENSG00000171105.14,INSR,OncoGenes,HGNC:6091
chr19,HAVANA,10133341,10231286,-,ENSG00000130816.17,DNMT1,OncoGenes,HGNC:2976
chr19,HAVANA,10350532,10380608,-,ENSG00000105397.15,TYK2,OncoGenes,HGNC:12440
chr19,HAVANA,11377206,11384342,-,ENSG00000187266.14,EPOR,OncoGenes,HGNC:3416
chr19,HAVANA,11505928,11529172,-,ENSG00000130159.15,ECSIT,OncoGenes,HGNC:29548
chr19,HAVANA,14091687,14118084,-,ENSG00000072062.16,PRKACA,OncoGenes,HGNC:9380
chr19,HAVANA,15159037,15200995,-,ENSG00000074181.9,NOTCH3,OncoGenes,HGNC:7883
chr19,HAVANA,15235518,15332545,-,ENSG00000141867.19,BRD4,OncoGenes,HGNC:13575
chr19,HAVANA,17824779,17848071,-,ENSG00000105639.21,JAK3,OncoGenes,HGNC:6193
chr19,HAVANA,18442662,18522116,-,ENSG00000105656.13,ELL,OncoGenes,HGNC:23114
chr19,HAVANA,19145566,19192131,-,ENSG00000213999.17,MEF2B,OncoGenes,HGNC:6995
chr19,HAVANA,40230316,40285536,-,ENSG00000105221.18,AKT2,OncoGenes,HGNC:392
chr19,HAVANA,42086109,42196585,-,ENSG00000028277.22,POU2F2,OncoGenes,HGNC:9213
chr19,HAVANA,49635291,49640143,-,ENSG00000126458.4,RRAS,OncoGenes,HGNC:10447
chr20,HAVANA,362834,397559,+,ENSG00000101255.13,TRIB3,OncoGenes,HGNC:16228
chr20,HAVANA,31605282,31606515,+,ENSG00000125968.9,ID1,OncoGenes,HGNC:5360
chr20,HAVANA,37344684,37406050,+,ENSG00000197122.13,SRC,OncoGenes,HGNC:11283
chr20,HAVANA,41028821,41124487,+,ENSG00000198900.7,TOP1,OncoGenes,HGNC:11986
chr20,HAVANA,41136959,41196801,+,ENSG00000124181.15,PLCG1,OncoGenes,HGNC:9065
chr20,HAVANA,47501886,47656877,+,ENSG00000124151.19,NCOA3,OncoGenes,HGNC:7670
chr20,HAVANA,50510320,50585241,+,ENSG00000196396.10,PTPN1,OncoGenes,HGNC:9642
chr20,HAVANA,58839717,58911192,+,ENSG00000087460.29,GNAS,OncoGenes,HGNC:4392
chr20,HAVANA,61252260,61940617,+,ENSG00000179242.16,CDH4,OncoGenes,HGNC:1763
chr20,HAVANA,9537369,9839076,-,ENSG00000101349.17,PAK5,OncoGenes,HGNC:15916
chr20,HAVANA,40685847,40689236,-,ENSG00000204103.4,MAFB,OncoGenes,HGNC:6408
chr20,HAVANA,53567070,53609907,-,ENSG00000171940.14,ZNF217,OncoGenes,HGNC:13009
chr20,HAVANA,56369388,56392337,-,ENSG00000087586.18,AURKA,OncoGenes,HGNC:11393
chr21,HAVANA,38380026,38661780,-,ENSG00000157554.20,ERG,OncoGenes,HGNC:3446
chr21,HAVANA,43092955,43107570,-,ENSG00000160201.12,U2AF1,OncoGenes,HGNC:12453
chr21,HAVANA,44215381,44241446,-,ENSG00000160223.18,ICOSLG,OncoGenes,HGNC:17087
chr22,HAVANA,20917406,20953747,+,ENSG00000099942.13,CRKL,OncoGenes,HGNC:2363
chr22,HAVANA,23179703,23318037,+,ENSG00000186716.21,BCR,OncoGenes,HGNC:1014
chr22,HAVANA,29268008,29300525,+,ENSG00000182944.18,EWSR1,OncoGenes,HGNC:3508
chr22,HAVANA,21759656,21867680,-,ENSG00000100030.15,MAPK1,OncoGenes,HGNC:6871
chr22,HAVANA,27748276,27801756,-,ENSG00000169184.7,MN1,OncoGenes,HGNC:7180
chr22,HAVANA,28794554,28800597,-,ENSG00000100219.17,XBP1,OncoGenes,HGNC:12801
chr22,HAVANA,37225269,37259594,-,ENSG00000128340.16,RAC2,OncoGenes,HGNC:9802
chr22,HAVANA,37970685,37987422,-,ENSG00000100146.20,SOX10,OncoGenes,HGNC:11190
chr22,HAVANA,39223358,39244982,-,ENSG00000100311.17,PDGFB,OncoGenes,HGNC:8800
chrX,HAVANA,47190860,47215128,+,ENSG00000130985.17,UBA1,OncoGenes,HGNC:12469
chrX,HAVANA,47561204,47571908,+,ENSG00000078061.14,ARAF,OncoGenes,HGNC:646
chrX,HAVANA,50202712,50351914,+,ENSG00000147082.18,CCNB3,OncoGenes,HGNC:18709
chrX,HAVANA,51406947,51408843,+,ENSG00000187690.4,EZHIP,OncoGenes,HGNC:33738
chrX,HAVANA,67544020,67730619,+,ENSG00000169083.18,AR,OncoGenes,HGNC:644
chrX,HAVANA,71118542,71144103,+,ENSG00000184634.17,MED12,OncoGenes,HGNC:11957
chrX,HAVANA,71366135,71532374,+,ENSG00000147133.18,TAF1,OncoGenes,HGNC:11535
chrX,HAVANA,83508289,83512127,+,ENSG00000196767.9,POU3F4,OncoGenes,HGNC:9217
chrX,HAVANA,119474801,119591083,+,ENSG00000077721.17,UBE2A,OncoGenes,HGNC:12472
chrX,HAVANA,123859711,123913972,+,ENSG00000101966.14,XIAP,OncoGenes,HGNC:592
chrX,HAVANA,1190489,1212723,-,ENSG00000205755.13,CRLF2,OncoGenes,HGNC:14281
chrX,HAVANA,49028725,49043410,-,ENSG00000068323.17,TFE3,OncoGenes,HGNC:11752
chrX,HAVANA,101349337,101390796,-,ENSG00000010671.18,BTK,OncoGenes,HGNC:1133
chrX,HAVANA,130063954,130110716,-,ENSG00000102034.18,ELF4,OncoGenes,HGNC:3319
chrX,HAVANA,133535744,133987100,-,ENSG00000147257.16,GPC3,OncoGenes,HGNC:4451
chrY,HAVANA,1190489,1212723,-,ENSG00000292363.1,CRLF2,OncoGenes,HGNC:14281
chrY,HAVANA,19703864,19744939,-,ENSG00000012817.16,KDM5D,OncoGenes,HGNC:11115
chr1,HAVANA,2555638,2565382,+,ENSG00000157873.18,TNFRSF14,TsGenes,HGNC:11912
chr1,HAVANA,15836094,15940456,+,ENSG00000065526.13,SPEN,TsGenes,HGNC:17575
chr1,HAVANA,26693235,26782104,+,ENSG00000117713.21,ARID1A,TsGenes,HGNC:11110
chr1,HAVANA,28259517,28282491,+,ENSG00000130766.5,SESN2,TsGenes,HGNC:20746
chr1,HAVANA,50960744,50974634,+,ENSG00000123080.12,CDKN2C,TsGenes,HGNC:1789
chr1,HAVANA,92832012,92841924,+,ENSG00000122406.14,RPL5,TsGenes,HGNC:10360
chr1,HAVANA,110338505,110346681,+,ENSG00000162775.17,RBM15,TsGenes,HGNC:14959
chr1,HAVANA,116372667,116410261,+,ENSG00000163399.16,ATP1A1,TsGenes,HGNC:799
chr1,HAVANA,117606047,117628389,+,ENSG00000183508.5,TENT5C,TsGenes,HGNC:24712
chr1,HAVANA,150926262,150964744,+,ENSG00000143379.13,SETDB1,TsGenes,HGNC:10761
chr1,HAVANA,161314380,161363206,+,ENSG00000143252.17,SDHC,TsGenes,HGNC:10682
chr1,HAVANA,193121982,193254815,+,ENSG00000134371.15,CDC73,TsGenes,HGNC:16783
chr1,HAVANA,202007944,202017183,+,ENSG00000163435.16,ELF3,TsGenes,HGNC:3318
chr1,HAVANA,203305490,203309602,+,ENSG00000159388.6,BTG2,TsGenes,HGNC:1131
chr1,HAVANA,211326614,211374946,+,ENSG00000082512.15,TRAF5,TsGenes,HGNC:12035
chr1,HAVANA,231337103,231355023,+,ENSG00000010072.16,SPRTN,TsGenes,HGNC:25356
chr1,HAVANA,8004403,8026309,-,ENSG00000116285.13,ERRFI1,TsGenes,HGNC:18185
chr1,HAVANA,11658917,11691811,-,ENSG00000116670.16,MAD2L2,TsGenes,HGNC:6764
chr1,HAVANA,17018663,17054151,-,ENSG00000117118.12,SDHB,TsGenes,HGNC:10681
chr1,HAVANA,23557925,23559501,-,ENSG00000117318.9,ID3,TsGenes,HGNC:5362
chr1,HAVANA,45329162,45340893,-,ENSG00000132781.22,MUTYH,TsGenes,HGNC:7527
chr1,HAVANA,46040139,46133036,-,ENSG00000117461.15,PIK3R3,TsGenes,HGNC:8981
chr1,HAVANA,64833222,65067754,-,ENSG00000162434.14,JAK1,TsGenes,HGNC:6190
chr1,HAVANA,77944054,77979110,-,ENSG00000162613.18,FUBP1,TsGenes,HGNC:4004
chr1,HAVANA,85265775,85276632,-,ENSG00000142867.14,BCL10,TsGenes,HGNC:989
chr1,HAVANA,116514533,116571039,-,ENSG00000116815.16,CD58,TsGenes,HGNC:1688
chr1,HAVANA,119911552,120100779,-,ENSG00000134250.21,NOTCH2,TsGenes,HGNC:7882
chr1,HAVANA,214348699,214552449,-,ENSG00000152104.12,PTPN14,TsGenes,HGNC:9647
chr1,HAVANA,226360209,226408154,-,ENSG00000143799.14,PARP1,TsGenes,HGNC:270
chr1,HAVANA,235131633,235328219,-,ENSG00000054267.22,ARID4B,TsGenes,HGNC:15550
chr1,HAVANA,241497510,241519799,-,ENSG00000091483.8,FH,TsGenes,HGNC:3700
chr2,HAVANA,47345157,47387601,+,ENSG00000119888.11,EPCAM,TsGenes,HGNC:11529
chr2,HAVANA,47403066,47663146,+,ENSG00000095002.16,MSH2,TsGenes,HGNC:7325
chr2,HAVANA,47695529,47810063,+,ENSG00000116062.19,MSH6,TsGenes,HGNC:7329
chr2,HAVANA,67397321,67412089,+,ENSG00000143971.9,ETAA1,TsGenes,HGNC:24648
chr2,HAVANA,73984909,74108176,+,ENSG00000187605.16,TET3,TsGenes,HGNC:28313
chr2,HAVANA,111119377,111168444,+,ENSG00000153094.26,BCL2L11,TsGenes,HGNC:994
chr2,HAVANA,189784084,189877629,+,ENSG00000064933.19,PMS1,TsGenes,HGNC:9121
chr2,HAVANA,201233442,201361836,+,ENSG00000064012.24,CASP8,TsGenes,HGNC:1509
chr2,HAVANA,219569161,219575711,+,ENSG00000123999.5,INHA,TsGenes,HGNC:6065
chr2,HAVANA,230203109,230313215,+,ENSG00000079263.19,SP140,TsGenes,HGNC:17133
chr2,HAVANA,236567786,236582354,+,ENSG00000144476.6,ACKR3,TsGenes,HGNC:23692
chr2,HAVANA,25227854,25342590,-,ENSG00000119772.19,DNMT3A,TsGenes,HGNC:2978
chr2,HAVANA,25733752,25878487,-,ENSG00000143970.18,ASXL2,TsGenes,HGNC:23805
chr2,HAVANA,43222401,43226606,-,ENSG00000152518.8,ZFP36L2,TsGenes,HGNC:1108
chr2,HAVANA,47789315,47906498,-,ENSG00000138081.22,FBXO11,TsGenes,HGNC:13590
chr2,HAVANA,58159242,58241410,-,ENSG00000115392.13,FANCL,TsGenes,HGNC:20748
chr2,HAVANA,96248513,96266047,-,ENSG00000135956.10,TMEM127,TsGenes,HGNC:26038
chr2,HAVANA,127257289,127294166,-,ENSG00000163161.14,ERCC3,TsGenes,HGNC:3435
chr2,HAVANA,140231422,142131016,-,ENSG00000168702.18,LRP1B,TsGenes,HGNC:6693
chr2,HAVANA,214725645,214809683,-,ENSG00000138376.11,BARD1,TsGenes,HGNC:952
chr2,HAVANA,224470149,224585397,-,ENSG00000036257.14,CUL3,TsGenes,HGNC:2553
chr2,HAVANA,239048167,239401654,-,ENSG00000068024.18,HDAC4,TsGenes,HGNC:14063
chr3,HAVANA,10026369,10101932,+,ENSG00000144554.13,FANCD2,TsGenes,HGNC:3585
chr3,HAVANA,10141777,10153667,+,ENSG00000134086.10,VHL,TsGenes,HGNC:12687
chr3,HAVANA,30606477,30694249,+,ENSG00000163513.20,TGFBR2,TsGenes,HGNC:11773
chr3,HAVANA,36993225,37050896,+,ENSG00000076242.18,MLH1,TsGenes,HGNC:7127
chr3,HAVANA,48446709,48467645,+,ENSG00000164053.22,ATRIP,TsGenes,HGNC:33499
chr3,HAVANA,69739455,69968336,+,ENSG00000187098.18,MITF,TsGenes,HGNC:7105
chr3,HAVANA,89107620,89482134,+,ENSG00000044524.11,EPHA3,TsGenes,HGNC:3387
chr3,HAVANA,134795259,135260467,+,ENSG00000154928.19,EPHB1,TsGenes,HGNC:3392
chr3,HAVANA,189631388,189897276,+,ENSG00000073282.14,TP63,TsGenes,HGNC:15979
chr3,HAVANA,3144627,3179727,-,ENSG00000113851.16,CRBN,TsGenes,HGNC:30185
chr3,HAVANA,14145146,14178621,-,ENSG00000154767.15,XPC,TsGenes,HGNC:12816
chr3,HAVANA,47016427,47164113,-,ENSG00000181555.22,SETD2,TsGenes,HGNC:18420
chr3,HAVANA,49683946,49689501,-,ENSG00000173531.16,MST1,TsGenes,HGNC:7380
chr3,HAVANA,52401007,52410008,-,ENSG00000163930.10,BAP1,TsGenes,HGNC:950
chr3,HAVANA,52545351,52685917,-,ENSG00000163939.19,PBRM1,TsGenes,HGNC:30064
chr3,HAVANA,59747276,61251459,-,ENSG00000189283.11,FHIT,TsGenes,HGNC:3701
chr3,HAVANA,70954692,71583978,-,ENSG00000114861.24,FOXP1,TsGenes,HGNC:3823
chr3,HAVANA,72371824,72446621,-,ENSG00000163602.12,RYBP,TsGenes,HGNC:10480
chr3,HAVANA,72749276,72861914,-,ENSG00000144736.14,SHQ1,TsGenes,HGNC:25543
chr3,HAVANA,78597238,79767998,-,ENSG00000169855.21,ROBO1,TsGenes,HGNC:10249
chr3,HAVANA,114314499,115147292,-,ENSG00000181722.18,ZBTB20,TsGenes,HGNC:13503
chr3,HAVANA,128479426,128493201,-,ENSG00000179348.13,GATA2,TsGenes,HGNC:4171
chr3,HAVANA,129430946,129440179,-,ENSG00000129071.10,MBD4,TsGenes,HGNC:6919
chr3,HAVANA,136336235,136752403,-,ENSG00000118007.13,STAG1,TsGenes,HGNC:11354
chr3,HAVANA,138944223,138947137,-,ENSG00000183770.7,FOXL2,TsGenes,HGNC:1092
chr3,HAVANA,142449006,142578733,-,ENSG00000175054.16,ATR,TsGenes,HGNC:882
chr3,HAVANA,183487550,183555706,-,ENSG00000172578.12,KLHL6,TsGenes,HGNC:18653
chr4,HAVANA,38664196,38701517,+,ENSG00000109787.13,KLF3,TsGenes,HGNC:16516
chr4,HAVANA,56907875,56966808,+,ENSG00000084093.19,REST,TsGenes,HGNC:9966
chr4,HAVANA,86594314,86815171,+,ENSG00000163629.13,PTPN13,TsGenes,HGNC:9646
chr4,HAVANA,105145874,105279816,+,ENSG00000168769.14,TET2,TsGenes,HGNC:25941
chr4,HAVANA,41744081,41748725,-,ENSG00000109132.7,PHOX2B,TsGenes,HGNC:9143
chr4,HAVANA,83459516,83523348,-,ENSG00000163322.14,ABRAXAS1,TsGenes,HGNC:25829
chr4,HAVANA,142023159,142847432,-,ENSG00000109452.13,INPP4B,TsGenes,HGNC:6075
chr4,HAVANA,152320543,152536092,-,ENSG00000109670.17,FBXW7,TsGenes,HGNC:16712
chr4,HAVANA,153780590,153789083,-,ENSG00000145423.5,SFRP2,TsGenes,HGNC:10777
chr4,HAVANA,184385701,184474558,-,ENSG00000168310.12,IRF2,TsGenes,HGNC:6117
chr4,HAVANA,186587793,186726722,-,ENSG00000083857.15,FAT1,TsGenes,HGNC:3595
chr5,HAVANA,218302,257082,+,ENSG00000073578.18,SDHA,TsGenes,HGNC:10680
chr5,HAVANA,892883,919357,+,ENSG00000071539.14,TRIP13,TsGenes,HGNC:12307
chr5,HAVANA,56815548,56896152,+,ENSG00000095015.6,MAP3K1,TsGenes,HGNC:6848
chr5,HAVANA,68215739,68301821,+,ENSG00000145675.16,PIK3R1,TsGenes,HGNC:8979
chr5,HAVANA,69369292,69414801,+,ENSG00000152942.19,RAD17,TsGenes,HGNC:9807
chr5,HAVANA,80654651,80876815,+,ENSG00000113318.11,MSH3,TsGenes,HGNC:7326
chr5,HAVANA,87267882,87391931,+,ENSG00000145715.15,RASA1,TsGenes,HGNC:9871
chr5,HAVANA,112707517,112846239,+,ENSG00000134982.19,APC,TsGenes,HGNC:583
chr5,HAVANA,132556018,132646349,+,ENSG00000113522.14,RAD50,TsGenes,HGNC:9816
chr5,HAVANA,138465478,138469303,+,ENSG00000120738.8,EGR1,TsGenes,HGNC:3238
chr5,HAVANA,138610966,138935034,+,ENSG00000044115.21,CTNNA1,TsGenes,HGNC:2509
chr5,HAVANA,142770376,143229011,+,ENSG00000145819.18,ARHGAP26,TsGenes,HGNC:17073
chr5,HAVANA,171387115,171411810,+,ENSG00000181163.14,NPM1,TsGenes,HGNC:7910
chr5,HAVANA,177131829,177300213,+,ENSG00000165671.22,NSD1,TsGenes,HGNC:14234
chr5,HAVANA,88717116,88904257,-,ENSG00000081189.17,MEF2C,TsGenes,HGNC:6996
chr5,HAVANA,132440439,132508719,-,ENSG00000125347.15,IRF1,TsGenes,HGNC:6116
chr5,HAVANA,168661739,169301139,-,ENSG00000184347.16,SLIT3,TsGenes,HGNC:11087
chr5,HAVANA,177511576,177516961,-,ENSG00000183258.12,DDX41,TsGenes,HGNC:18674
chr6,HAVANA,291629,351355,+,ENSG00000112679.15,DUSP22,TsGenes,HGNC:16077
chr6,HAVANA,15246068,15522042,+,ENSG00000008083.14,JARID2,TsGenes,HGNC:6196
chr6,HAVANA,29941259,29949572,+,ENSG00000206503.15,HLA-A,TsGenes,HGNC:4931
chr6,HAVANA,35452337,35467104,+,ENSG00000112039.6,FANCE,TsGenes,HGNC:3586
chr6,HAVANA,36676459,36687337,+,ENSG00000124762.14,CDKN1A,TsGenes,HGNC:1784
chr6,HAVANA,105993462,106109939,+,ENSG00000057657.17,PRDM1,TsGenes,HGNC:9346
chr6,HAVANA,137867213,137883314,+,ENSG00000118503.18,TNFAIP3,TsGenes,HGNC:11896
chr6,HAVANA,138795910,138904070,+,ENSG00000203734.13,ECT2L,TsGenes,HGNC:21118
chr6,HAVANA,156776019,157210779,+,ENSG00000049618.25,ARID1B,TsGenes,HGNC:18040
chr6,HAVANA,163413999,163578592,+,ENSG00000112531.17,QKI,TsGenes,HGNC:21100
chr6,HAVANA,26234211,26234987,-,ENSG00000124575.7,H1-3,TsGenes,HGNC:4717
chr6,HAVANA,27866791,27867588,-,ENSG00000184357.5,H1-5,TsGenes,HGNC:4719
chr6,HAVANA,31268748,31272130,-,ENSG00000204525.18,HLA-C,TsGenes,HGNC:4933
chr6,HAVANA,31353871,31367067,-,ENSG00000234745.14,HLA-B,TsGenes,HGNC:4932
chr6,HAVANA,31580524,31582522,-,ENSG00000227507.3,LTB,TsGenes,HGNC:6711
chr6,HAVANA,32194842,32224067,-,ENSG00000204301.6,NOTCH4,TsGenes,HGNC:7884
chr6,HAVANA,33318557,33323016,-,ENSG00000204209.13,DAXX,TsGenes,HGNC:2681
chr6,HAVANA,89926527,90296843,-,ENSG00000112182.16,BACH2,TsGenes,HGNC:14078
chr6,HAVANA,93240019,93419687,-,ENSG00000135333.15,EPHA7,TsGenes,HGNC:3390
chr6,HAVANA,108984308,109094846,-,ENSG00000080546.14,SESN1,TsGenes,HGNC:21595
chr6,HAVANA,137197482,137219449,-,ENSG00000027697.16,IFNGR1,TsGenes,HGNC:5439
chr6,HAVANA,149658152,149718105,-,ENSG00000131023.13,LATS1,TsGenes,HGNC:6514
chr6,HAVANA,161347416,162727775,-,ENSG00000185345.25,PRKN,TsGenes,HGNC:8607
chr7,HAVANA,101815903,102283958,+,ENSG00000257923.12,CUX1,TsGenes,HGNC:2557
chr7,HAVANA,5970924,6009130,-,ENSG00000122512.17,PMS2,TsGenes,HGNC:9122
chr7,HAVANA,27181156,27185232,-,ENSG00000005073.6,HOXA11,TsGenes,HGNC:5101
chr7,HAVANA,41667167,41705834,-,ENSG00000122641.11,INHBA,TsGenes,HGNC:6066
chr7,HAVANA,124822385,124929983,-,ENSG00000128513.16,POT1,TsGenes,HGNC:17284
chr7,HAVANA,148807256,148884321,-,ENSG00000106462.12,EZH2,TsGenes,HGNC:3527
chr7,HAVANA,152134921,152436644,-,ENSG00000055609.21,KMT2C,TsGenes,HGNC:13726
chr7,HAVANA,152644775,152676193,-,ENSG00000196584.4,XRCC2,TsGenes,HGNC:12829
chr8,HAVANA,11676958,11760002,+,ENSG00000136574.19,GATA4,TsGenes,HGNC:4173
chr8,HAVANA,20197380,20226819,+,ENSG00000147416.11,ATP6V1B2,TsGenes,HGNC:854
chr8,HAVANA,26291507,26372680,+,ENSG00000221914.11,PPP2R2A,TsGenes,HGNC:9304
chr8,HAVANA,27771948,27812640,+,ENSG00000171320.15,ESCO2,TsGenes,HGNC:27230
chr8,HAVANA,54457934,54460892,+,ENSG00000164736.6,SOX17,TsGenes,HGNC:18122
chr8,HAVANA,119165033,119245673,+,ENSG00000147676.14,MAL2,TsGenes,HGNC:13634
chr8,HAVANA,23678696,23682938,-,ENSG00000167034.10,NKX3-1,TsGenes,HGNC:7838
chr8,HAVANA,29333063,29350684,-,ENSG00000120875.9,DUSP4,TsGenes,HGNC:3070
chr8,HAVANA,41261961,41309473,-,ENSG00000104332.12,SFRP1,TsGenes,HGNC:10776
chr8,HAVANA,47773110,47960178,-,ENSG00000253729.9,PRKDC,TsGenes,HGNC:9413
chr8,HAVANA,89924514,90003228,-,ENSG00000104320.15,NBN,TsGenes,HGNC:7652
chr8,HAVANA,116845933,116874776,-,ENSG00000164754.16,RAD21,TsGenes,HGNC:9811
chr8,HAVANA,117794489,118111826,-,ENSG00000182197.13,EXT1,TsGenes,HGNC:3512
chr8,HAVANA,144511287,144517845,-,ENSG00000160957.15,RECQL4,TsGenes,HGNC:9949
chr9,HAVANA,1980289,2193624,+,ENSG00000080503.25,SMARCA2,TsGenes,HGNC:11098
chr9,HAVANA,21802635,21937651,+,ENSG00000099810.21,MTAP,TsGenes,HGNC:7413
chr9,HAVANA,99104037,99154192,+,ENSG00000106799.15,TGFBR1,TsGenes,HGNC:11772
chr9,HAVANA,8314245,10613002,-,ENSG00000153707.19,PTPRD,TsGenes,HGNC:9668
chr9,HAVANA,21967751,21995301,-,ENSG00000147889.18,CDKN2A,TsGenes,HGNC:1787
chr9,HAVANA,22002902,22009305,-,ENSG00000147883.12,CDKN2B,TsGenes,HGNC:1788
chr9,HAVANA,27325208,27529814,-,ENSG00000120162.10,MOB3B,TsGenes,HGNC:23825
chr9,HAVANA,35073834,35080004,-,ENSG00000221829.11,FANCG,TsGenes,HGNC:3588
chr9,HAVANA,36833268,37034268,-,ENSG00000196092.14,PAX5,TsGenes,HGNC:8619
chr9,HAVANA,95099053,95426796,-,ENSG00000158169.14,FANCC,TsGenes,HGNC:3584
chr9,HAVANA,95442979,95517057,-,ENSG00000185920.19,PTCH1,TsGenes,HGNC:9585
chr9,HAVANA,107484851,107490482,-,ENSG00000136826.15,KLF4,TsGenes,HGNC:6348
chr9,HAVANA,125146572,125189939,-,ENSG00000119414.12,PPP6C,TsGenes,HGNC:9323
chr9,HAVANA,132891347,132946874,-,ENSG00000165699.16,TSC1,TsGenes,HGNC:12362
chr9,HAVANA,136494432,136546048,-,ENSG00000148400.13,NOTCH1,TsGenes,HGNC:7881
chr10,HAVANA,8045377,8075198,+,ENSG00000107485.18,GATA3,TsGenes,HGNC:4172
chr10,HAVANA,61901683,62096944,+,ENSG00000150347.17,ARID5B,TsGenes,HGNC:17362
chr10,HAVANA,68560336,68694487,+,ENSG00000138336.9,TET1,TsGenes,HGNC:29484
chr10,HAVANA,86755785,86932825,+,ENSG00000107779.16,BMPR1A,TsGenes,HGNC:1076
chr10,HAVANA,87862637,87971930,+,ENSG00000171862.16,PTEN,TsGenes,HGNC:9588
chr10,HAVANA,88953812,89029605,+,ENSG00000026103.25,FAS,TsGenes,HGNC:11920
chr10,HAVANA,102503971,102633535,+,ENSG00000107882.12,SUFU,TsGenes,HGNC:16466
chr10,HAVANA,110567683,110606048,+,ENSG00000108055.11,SMC3,TsGenes,HGNC:2468
chr10,HAVANA,112950246,113167678,+,ENSG00000148737.18,TCF7L2,TsGenes,HGNC:11641
chr11,HAVANA,10751017,10801625,+,ENSG00000198730.10,CTR9,TsGenes,HGNC:16850
chr11,HAVANA,17719570,17722136,+,ENSG00000129152.4,MYOD1,TsGenes,HGNC:7611
chr11,HAVANA,20363684,20383782,+,ENSG00000109854.14,HTATIP2,TsGenes,HGNC:16637
chr11,HAVANA,47214464,47239217,+,ENSG00000134574.12,DDB2,TsGenes,HGNC:2718
chr11,HAVANA,61430041,61446839,+,ENSG00000167985.8,SDHAF2,TsGenes,HGNC:26034
chr11,HAVANA,68312590,68449275,+,ENSG00000162337.12,LRP5,TsGenes,HGNC:6697
chr11,HAVANA,72223700,72239147,+,ENSG00000165458.15,INPPL1,TsGenes,HGNC:6080
chr11,HAVANA,86201211,86278813,+,ENSG00000074266.23,EED,TsGenes,HGNC:3188
chr11,HAVANA,108222803,108369102,+,ENSG00000149311.22,ATM,TsGenes,HGNC:795
chr11,HAVANA,112086823,112120016,+,ENSG00000204370.14,SDHD,TsGenes,HGNC:10683
chr11,HAVANA,118436455,118526832,+,ENSG00000118058.25,KMT2A,TsGenes,HGNC:7132
chr11,HAVANA,119206297,119313926,+,ENSG00000110395.8,CBL,TsGenes,HGNC:1541
chr11,HAVANA,120336412,120489937,+,ENSG00000196914.9,ARHGEF12,TsGenes,HGNC:14193
chr11,HAVANA,125625162,125676255,+,ENSG00000149554.15,CHEK1,TsGenes,HGNC:1925
chr11,HAVANA,22622532,22625823,-,ENSG00000183161.6,FANCF,TsGenes,HGNC:3587
chr11,HAVANA,32387774,32435564,-,ENSG00000184937.16,WT1,TsGenes,HGNC:12796
chr11,HAVANA,57233576,57237250,-,ENSG00000134817.12,APLNR,TsGenes,HGNC:339
chr11,HAVANA,64803509,64811294,-,ENSG00000133895.19,MEN1,TsGenes,HGNC:7010
chr11,HAVANA,94415569,94493885,-,ENSG00000020922.13,MRE11,TsGenes,HGNC:7230
chr11,HAVANA,95165512,95232541,-,ENSG00000149212.12,SESN3,TsGenes,HGNC:23060
chr11,HAVANA,128458760,128587558,-,ENSG00000134954.14,ETS1,TsGenes,HGNC:3488
chr12,HAVANA,11649673,11895377,+,ENSG00000139083.11,ETV6,TsGenes,HGNC:3495
chr12,HAVANA,12685497,12722369,+,ENSG00000111276.12,CDKN1B,TsGenes,HGNC:1785
chr12,HAVANA,45729705,45908040,+,ENSG00000189079.18,ARID2,TsGenes,HGNC:18037
chr12,HAVANA,51951698,51997078,+,ENSG00000135503.13,ACVR1B,TsGenes,HGNC:172
chr12,HAVANA,57520709,57530148,+,ENSG00000166987.15,MBD6,TsGenes,HGNC:20445
chr12,HAVANA,111405922,111451623,+,ENSG00000111252.11,SH2B3,TsGenes,HGNC:29605
chr12,HAVANA,111766886,111817532,+,ENSG00000111275.13,ALDH2,TsGenes,HGNC:404
chr12,HAVANA,113056729,113098028,+,ENSG00000135144.8,DTX1,TsGenes,HGNC:3060
chr12,HAVANA,120978542,121002512,+,ENSG00000135100.19,HNF1A,TsGenes,HGNC:11621
chr12,HAVANA,122019421,122062044,+,ENSG00000110987.9,BCL7A,TsGenes,HGNC:1004
chr12,HAVANA,131949941,132080460,+,ENSG00000183495.15,EP400,TsGenes,HGNC:11958
chr12,HAVANA,21468909,21501669,-,ENSG00000004700.16,RECQL,TsGenes,HGNC:9948
chr12,HAVANA,47972966,48004554,-,ENSG00000139219.19,COL2A1,TsGenes,HGNC:2200
chr12,HAVANA,49018974,49060794,-,ENSG00000167548.18,KMT2D,TsGenes,HGNC:7133
chr12,HAVANA,65050625,65121305,-,ENSG00000156076.10,WIF1,TsGenes,HGNC:18081
chr12,HAVANA,92140277,92145846,-,ENSG00000133639.6,BTG1,TsGenes,HGNC:1130
chr12,HAVANA,111443484,111599676,-,ENSG00000204842.18,ATXN2,TsGenes,HGNC:10555
chr12,HAVANA,114670254,114684175,-,ENSG00000135111.16,TBX3,TsGenes,HGNC:11602
chr12,HAVANA,123620405,123633766,-,ENSG00000111361.13,EIF2B1,TsGenes,HGNC:3257
chr12,HAVANA,132623752,132687376,-,ENSG00000177084.19,POLE,TsGenes,HGNC:9177
chr13,HAVANA,32315085,32400268,+,ENSG00000139618.19,BRCA2,TsGenes,HGNC:1101
chr13,HAVANA,32586451,32778019,+,ENSG00000083642.19,PDS5B,TsGenes,HGNC:20418
chr13,HAVANA,48303743,48599436,+,ENSG00000139687.17,RB1,TsGenes,HGNC:9884
chr13,HAVANA,49444273,49495003,+,ENSG00000136169.17,SETDB2,TsGenes,HGNC:20263
chr13,HAVANA,50909746,51024120,+,ENSG00000136104.22,RNASEH2B,TsGenes,HGNC:25671
chr13,HAVANA,102845830,102875995,+,ENSG00000134899.24,ERCC5,TsGenes,HGNC:3437
chr13,HAVANA,110712735,110723339,+,ENSG00000153487.14,ING1,TsGenes,HGNC:6062
chr13,HAVANA,20973035,21061586,-,ENSG00000150457.9,LATS2,TsGenes,HGNC:6515
chr13,HAVANA,40555666,40666641,-,ENSG00000150907.10,FOXO1,TsGenes,HGNC:3819
chr13,HAVANA,51354076,51454264,-,ENSG00000102786.15,INTS6,TsGenes,HGNC:14879
chr13,HAVANA,72752168,72782096,-,ENSG00000083520.15,DIS3,TsGenes,HGNC:20604
chr13,HAVANA,101710803,102402457,-,ENSG00000102466.17,FGF14,TsGenes,HGNC:3671
chr14,HAVANA,45135929,45200890,+,ENSG00000187790.12,FANCM,TsGenes,HGNC:23168
chr14,HAVANA,58298503,58373887,+,ENSG00000032219.19,ARID4A,TsGenes,HGNC:9885
chr14,HAVANA,67819778,68730218,+,ENSG00000182185.19,RAD51B,TsGenes,HGNC:9822
chr14,HAVANA,102777448,102911500,+,ENSG00000131323.17,TRAF3,TsGenes,HGNC:12033
chr14,HAVANA,22971176,22982551,-,ENSG00000129474.17,AJUBA,TsGenes,HGNC:20250
chr14,HAVANA,35401078,35404749,-,ENSG00000100906.12,NFKBIA,TsGenes,HGNC:7797
chr14,HAVANA,37589551,37596059,-,ENSG00000129514.8,FOXA1,TsGenes,HGNC:5021
chr14,HAVANA,65006173,65102695,-,ENSG00000125952.21,MAX,TsGenes,HGNC:6913
chr14,HAVANA,68787659,68796253,-,ENSG00000185650.10,ZFP36L1,TsGenes,HGNC:1107
chr14,HAVANA,73715121,73790285,-,ENSG00000156030.14,MIDEAS,TsGenes,HGNC:19853
chr14,HAVANA,75013768,75051532,-,ENSG00000119684.16,MLH3,TsGenes,HGNC:7128
chr14,HAVANA,95086227,95158010,-,ENSG00000100697.17,DICER1,TsGenes,HGNC:17098
chr14,HAVANA,99169286,99272197,-,ENSG00000127152.18,BCL11B,TsGenes,HGNC:13222
chr15,HAVANA,38252835,38357249,+,ENSG00000166068.13,SPRED1,TsGenes,HGNC:20249
chr15,HAVANA,40694773,40732340,+,ENSG00000051180.17,RAD51,TsGenes,HGNC:9817
chr15,HAVANA,41621133,41773081,+,ENSG00000174197.19,MGA,TsGenes,HGNC:14010
chr15,HAVANA,44711357,44718851,+,ENSG00000166710.23,B2M,TsGenes,HGNC:914
chr15,HAVANA,67063762,67195173,+,ENSG00000166949.18,SMAD3,TsGenes,HGNC:6769
chr15,HAVANA,73994672,74047827,+,ENSG00000140464.20,PML,TsGenes,HGNC:9113
chr15,HAVANA,90717345,90816166,+,ENSG00000197299.13,BLM,TsGenes,HGNC:1058
chr15,HAVANA,92886202,93027996,+,ENSG00000173575.24,CHD2,TsGenes,HGNC:1917
chr15,HAVANA,43403060,43510728,-,ENSG00000067369.14,TP53BP1,TsGenes,HGNC:11999
chr16,HAVANA,2047966,2089491,+,ENSG00000103197.20,TSC2,TsGenes,HGNC:12363
chr16,HAVANA,10866221,10943021,+,ENSG00000179583.21,CIITA,TsGenes,HGNC:7067
chr16,HAVANA,13920137,13952348,+,ENSG00000175595.16,ERCC4,TsGenes,HGNC:3436
chr16,HAVANA,50742049,50801935,+,ENSG00000083799.18,CYLD,TsGenes,HGNC:2584
chr16,HAVANA,67028983,67101058,+,ENSG00000067955.15,CBFB,TsGenes,HGNC:1539
chr16,HAVANA,67562466,67639177,+,ENSG00000102974.16,CTCF,TsGenes,HGNC:13723
chr16,HAVANA,68737291,68835537,+,ENSG00000039068.20,CDH1,TsGenes,HGNC:1748
chr16,HAVANA,82035003,82098534,+,ENSG00000086696.11,HSD17B2,TsGenes,HGNC:5211
chr16,HAVANA,85899115,85922606,+,ENSG00000140968.12,IRF8,TsGenes,HGNC:5358
chr16,HAVANA,86510526,86515422,+,ENSG00000103241.7,FOXF1,TsGenes,HGNC:3809
chr16,HAVANA,287439,352723,-,ENSG00000103126.15,AXIN1,TsGenes,HGNC:903
chr16,HAVANA,2039814,2047866,-,ENSG00000065057.9,NTHL1,TsGenes,HGNC:8028
chr16,HAVANA,3581180,3611606,-,ENSG00000188827.12,SLX4,TsGenes,HGNC:23845
chr16,HAVANA,3725053,3880713,-,ENSG00000005339.15,CREBBP,TsGenes,HGNC:2348
chr16,HAVANA,9753403,10182928,-,ENSG00000183454.18,GRIN2A,TsGenes,HGNC:4585
chr16,HAVANA,11254416,11256204,-,ENSG00000185338.7,SOCS1,TsGenes,HGNC:19383
chr16,HAVANA,15703134,15858438,-,ENSG00000133392.19,MYH11,TsGenes,HGNC:7569
chr16,HAVANA,18804859,18926408,-,ENSG00000157106.18,SMG1,TsGenes,HGNC:30045
chr16,HAVANA,23603159,23641321,-,ENSG00000083093.12,PALB2,TsGenes,HGNC:26144
chr16,HAVANA,69118009,69132588,-,ENSG00000168802.14,CHTF8,TsGenes,HGNC:24353
chr16,HAVANA,71281388,71289715,-,ENSG00000180917.18,CMTR2,TsGenes,HGNC:25635
chr16,HAVANA,71637834,71724701,-,ENSG00000040199.18,PHLPP2,TsGenes,HGNC:29149
chr16,HAVANA,72782884,73891871,-,ENSG00000140836.17,ZFHX3,TsGenes,HGNC:777
chr16,HAVANA,88874857,88977207,-,ENSG00000129993.15,CBFA2T3,TsGenes,HGNC:1537
chr16,HAVANA,89267629,89490561,-,ENSG00000167522.17,ANKRD11,TsGenes,HGNC:21316
chr16,HAVANA,89726682,89816977,-,ENSG00000187741.16,FANCA,TsGenes,HGNC:3582
chr17,HAVANA,12020828,12143830,+,ENSG00000065559.15,MAP2K4,TsGenes,HGNC:6844
chr17,HAVANA,31094926,31382116,+,ENSG00000196712.20,NF1,TsGenes,HGNC:7765
chr17,HAVANA,31937006,32001038,+,ENSG00000178691.11,SUZ12,TsGenes,HGNC:17101
chr17,HAVANA,39461485,39567559,+,ENSG00000167258.16,CDK12,TsGenes,HGNC:24224
chr17,HAVANA,58692572,58735611,+,ENSG00000108384.16,RAD51C,TsGenes,HGNC:9820
chr17,HAVANA,68511779,68551319,+,ENSG00000108946.17,PRKAR1A,TsGenes,HGNC:9388
chr17,HAVANA,72121019,72126416,+,ENSG00000125398.8,SOX9,TsGenes,HGNC:11204
chr17,HAVANA,74748627,74769353,+,ENSG00000109062.12,NHERF1,TsGenes,HGNC:11075
chr17,HAVANA,1650628,1684867,-,ENSG00000174231.18,PRPF8,TsGenes,HGNC:17340
chr17,HAVANA,7311323,7315564,-,ENSG00000132522.16,GPS2,TsGenes,HGNC:4550
chr17,HAVANA,7661778,7687546,-,ENSG00000141510.19,TP53,TsGenes,HGNC:11998
chr17,HAVANA,8072635,8087716,-,ENSG00000179477.11,ALOX12B,TsGenes,HGNC:430
chr17,HAVANA,16029064,16218185,-,ENSG00000141027.23,NCOR1,TsGenes,HGNC:7672
chr17,HAVANA,17212211,17237188,-,ENSG00000154803.13,FLCN,TsGenes,HGNC:27310
chr17,HAVANA,35092220,35121522,-,ENSG00000185379.21,RAD51D,TsGenes,HGNC:9823
chr17,HAVANA,35350304,35373701,-,ENSG00000172716.17,SLFN11,TsGenes,HGNC:26633
chr17,HAVANA,39757717,39864312,-,ENSG00000161405.17,IKZF3,TsGenes,HGNC:13178
chr17,HAVANA,40624961,40648654,-,ENSG00000073584.20,SMARCE1,TsGenes,HGNC:11109
chr17,HAVANA,43044294,43170245,-,ENSG00000012048.26,BRCA1,TsGenes,HGNC:1100
chr17,HAVANA,48724762,48728750,-,ENSG00000159184.8,HOXB13,TsGenes,HGNC:5112
chr17,HAVANA,49598883,49678163,-,ENSG00000121067.19,SPOP,TsGenes,HGNC:11254
chr17,HAVANA,58353675,58417595,-,ENSG00000108375.13,RNF43,TsGenes,HGNC:18505
chr17,HAVANA,61679138,61863559,-,ENSG00000136492.10,BRIP1,TsGenes,HGNC:20473
chr17,HAVANA,65009288,65056740,-,ENSG00000120063.10,GNA13,TsGenes,HGNC:4381
chr17,HAVANA,65528562,65561648,-,ENSG00000168646.14,AXIN2,TsGenes,HGNC:904
chr17,HAVANA,78356777,78360077,-,ENSG00000184557.4,SOCS3,TsGenes,HGNC:19391
chr17,HAVANA,81509412,81523847,-,ENSG00000184009.13,ACTG1,TsGenes,HGNC:144
chr17,HAVANA,82829433,82840022,-,ENSG00000141579.7,ZNF750,TsGenes,HGNC:25843
chr18,HAVANA,51028527,51085045,+,ENSG00000141646.17,SMAD4,TsGenes,HGNC:6770
chr18,HAVANA,59899995,59904305,+,ENSG00000141682.12,PMAIP1,TsGenes,HGNC:9108
chr18,HAVANA,62715540,62980433,+,ENSG00000081913.14,PHLPP1,TsGenes,HGNC:20610
chr18,HAVANA,12785477,12929643,-,ENSG00000175354.20,PTPN2,TsGenes,HGNC:9650
chr18,HAVANA,47808956,47931146,-,ENSG00000175387.16,SMAD2,TsGenes,HGNC:6768
chr18,HAVANA,63655196,63661893,-,ENSG00000057149.16,SERPINB3,TsGenes,HGNC:10569
chr19,HAVANA,925780,975939,+,ENSG00000116017.11,ARID3A,TsGenes,HGNC:3031
chr19,HAVANA,1177557,1228431,+,ENSG00000118046.18,STK11,TsGenes,HGNC:11389
chr19,HAVANA,3506310,3538334,+,ENSG00000105325.15,FZR1,TsGenes,HGNC:24824
chr19,HAVANA,10960931,11079426,+,ENSG00000127616.22,SMARCA4,TsGenes,HGNC:11100
chr19,HAVANA,16324825,16328685,+,ENSG00000127528.6,KLF2,TsGenes,HGNC:6347
chr19,HAVANA,18153162,18170532,+,ENSG00000105647.19,PIK3R2,TsGenes,HGNC:8980
chr19,HAVANA,35717972,35738880,+,ENSG00000272333.8,KMT2B,TsGenes,HGNC:15840
chr19,HAVANA,42268536,42295797,+,ENSG00000079432.9,CIC,TsGenes,HGNC:14214
chr19,HAVANA,46860996,47005077,+,ENSG00000160007.20,ARHGAP35,TsGenes,HGNC:4591
chr19,HAVANA,50384203,50418018,+,ENSG00000062822.16,POLD1,TsGenes,HGNC:9175
chr19,HAVANA,52170935,52229518,+,ENSG00000105568.19,PPP2R1A,TsGenes,HGNC:9302
chr19,HAVANA,55282071,55312562,+,ENSG00000160469.17,BRSK1,TsGenes,HGNC:18994
chr19,HAVANA,1609290,1652615,-,ENSG00000071564.19,TCF3,TsGenes,HGNC:11633
chr19,HAVANA,4043302,4066899,-,ENSG00000178951.9,ZBTB7A,TsGenes,HGNC:18078
chr19,HAVANA,5158494,5340812,-,ENSG00000105426.19,PTPRS,TsGenes,HGNC:9681
chr19,HAVANA,10486124,10503558,-,ENSG00000079999.14,KEAP1,TsGenes,HGNC:23177
chr19,HAVANA,15159037,15200995,-,ENSG00000074181.9,NOTCH3,TsGenes,HGNC:7883
chr19,HAVANA,33299933,33302534,-,ENSG00000245848.3,CEBPA,TsGenes,HGNC:1833
chr19,HAVANA,42247568,42255128,-,ENSG00000105722.11,ERF,TsGenes,HGNC:3444
chr19,HAVANA,43543310,43580473,-,ENSG00000073050.12,XRCC1,TsGenes,HGNC:12828
chr19,HAVANA,45349836,45370918,-,ENSG00000104884.17,ERCC2,TsGenes,HGNC:3434
chr19,HAVANA,45407333,45478828,-,ENSG00000012061.17,ERCC1,TsGenes,HGNC:3433
chr19,HAVANA,47220821,47232766,-,ENSG00000105327.18,BBC3,TsGenes,HGNC:17868
chr20,HAVANA,32358329,32439319,+,ENSG00000171456.22,ASXL1,TsGenes,HGNC:18318
chr20,HAVANA,32762384,32809359,+,ENSG00000088305.19,DNMT3B,TsGenes,HGNC:2979
chr20,HAVANA,50510320,50585241,+,ENSG00000196396.10,PTPN1,TsGenes,HGNC:9642
chr20,HAVANA,63657809,63696253,+,ENSG00000258366.12,RTEL1,TsGenes,HGNC:15888
chr20,HAVANA,36890228,36951893,-,ENSG00000101347.11,SAMHD1,TsGenes,HGNC:15925
chr20,HAVANA,42072751,43189970,-,ENSG00000196090.14,PTPRT,TsGenes,HGNC:9682
chr21,HAVANA,34787800,36004667,-,ENSG00000159216.20,RUNX1,TsGenes,HGNC:10471
chr22,HAVANA,20982268,20999032,+,ENSG00000099949.22,LZTR1,TsGenes,HGNC:6742
chr22,HAVANA,23786930,23838009,+,ENSG00000099956.20,SMARCB1,TsGenes,HGNC:11103
chr22,HAVANA,28883571,29057488,+,ENSG00000183579.16,ZNRF3,TsGenes,HGNC:18126
chr22,HAVANA,29603552,29698598,+,ENSG00000186575.20,NF2,TsGenes,HGNC:7773
chr22,HAVANA,41092509,41180077,+,ENSG00000100393.16,EP300,TsGenes,HGNC:3373
chr22,HAVANA,19330697,19447450,-,ENSG00000100084.14,HIRA,TsGenes,HGNC:4916
chr22,HAVANA,28687742,28742422,-,ENSG00000183765.24,CHEK2,TsGenes,HGNC:16627
chrX,HAVANA,41333347,41364472,+,ENSG00000215301.11,DDX3X,TsGenes,HGNC:2745
chrX,HAVANA,44873187,45112779,+,ENSG00000147050.18,KDM6A,TsGenes,HGNC:12637
chrX,HAVANA,47145220,47186813,+,ENSG00000182872.16,RBM10,TsGenes,HGNC:9896
chrX,HAVANA,71118542,71144103,+,ENSG00000184634.17,MED12,TsGenes,HGNC:11957
chrX,HAVANA,123960211,124422664,+,ENSG00000101972.20,STAG2,TsGenes,HGNC:11355
chrX,HAVANA,124227867,124373197,+,ENSG00000183918.18,SH2D1A,TsGenes,HGNC:10820
chrX,HAVANA,129981106,130058071,+,ENSG00000085185.16,BCORL1,TsGenes,HGNC:25657
chrX,HAVANA,134373287,134428791,+,ENSG00000156531.18,PHF6,TsGenes,HGNC:18145
chrX,HAVANA,1462580,1537185,-,ENSG00000182162.11,P2RY8,TsGenes,HGNC:15524
chrX,HAVANA,15319451,15335554,-,ENSG00000165195.16,PIGA,TsGenes,HGNC:8957
chrX,HAVANA,40049814,40177329,-,ENSG00000183337.18,BCOR,TsGenes,HGNC:20893
chrX,HAVANA,53176282,53225422,-,ENSG00000126012.13,KDM5C,TsGenes,HGNC:11114
chrX,HAVANA,53374148,53422728,-,ENSG00000072501.19,SMC1A,TsGenes,HGNC:11111
chrX,HAVANA,64185116,64205708,-,ENSG00000184675.11,AMER1,TsGenes,HGNC:26837
chrX,HAVANA,71239623,71255146,-,ENSG00000147130.14,ZMYM3,TsGenes,HGNC:13054
chrX,HAVANA,77504879,77786233,-,ENSG00000085224.23,ATRX,TsGenes,HGNC:886
chrX,HAVANA,153587924,153600045,-,ENSG00000262919.8,CCNQ,TsGenes,HGNC:28434
chrY,HAVANA,1462580,1537185,-,ENSG00000292333.1,P2RY8,TsGenes,HGNC:15524
chrY,HAVANA,19703864,19744939,-,ENSG00000012817.16,KDM5D,TsGenes,HGNC:11115
